date_time,maxtempC,mintempC,totalSnow_cm,sunHour,uvIndex,moon_illumination,moonrise,moonset,sunrise,sunset,DewPointC,FeelsLikeC,HeatIndexC,WindChillC,WindGustKmph,cloudcover,humidity,precipMM,pressure,tempC,visibility,winddirDegree,windspeedKmph,location
2021-08-04 00:00:00,20,14,0.0,11.5,4,18,01:19 AM,06:28 PM,05:40 AM,08:53 PM,13,15,15,15,17,62,90,2.7,1013,15,7,211,9,leipzig
2021-08-04 01:00:00,20,14,0.0,11.5,4,18,01:19 AM,06:28 PM,05:40 AM,08:53 PM,13,14,15,14,18,58,90,1.3,1013,15,8,216,9,leipzig
2021-08-04 02:00:00,20,14,0.0,11.5,4,18,01:19 AM,06:28 PM,05:40 AM,08:53 PM,13,14,14,14,20,54,91,0.4,1013,14,8,220,10,leipzig
2021-08-04 03:00:00,20,14,0.0,11.5,4,18,01:19 AM,06:28 PM,05:40 AM,08:53 PM,12,13,14,13,21,50,91,0.6,1013,14,9,225,11,leipzig
2021-08-04 04:00:00,20,14,0.0,11.5,4,18,01:19 AM,06:28 PM,05:40 AM,08:53 PM,12,14,14,14,19,53,89,0.3,1013,14,9,225,11,leipzig
2021-08-04 05:00:00,20,14,0.0,11.5,4,18,01:19 AM,06:28 PM,05:40 AM,08:53 PM,12,14,14,14,18,56,87,0.0,1013,14,10,226,10,leipzig
2021-08-04 06:00:00,20,14,0.0,11.5,4,18,01:19 AM,06:28 PM,05:40 AM,08:53 PM,12,15,15,15,16,59,85,0.0,1013,15,10,226,10,leipzig
2021-08-04 07:00:00,20,14,0.0,11.5,4,18,01:19 AM,06:28 PM,05:40 AM,08:53 PM,12,16,16,16,16,60,81,0.0,1013,16,10,229,11,leipzig
2021-08-04 08:00:00,20,14,0.0,11.5,4,18,01:19 AM,06:28 PM,05:40 AM,08:53 PM,13,17,17,17,15,62,77,0.0,1013,17,10,231,11,leipzig
2021-08-04 09:00:00,20,14,0.0,11.5,4,18,01:19 AM,06:28 PM,05:40 AM,08:53 PM,13,18,18,18,15,64,73,0.0,1013,18,10,234,12,leipzig
2021-08-04 10:00:00,20,14,0.0,11.5,4,18,01:19 AM,06:28 PM,05:40 AM,08:53 PM,13,18,18,18,15,61,70,0.0,1013,18,10,231,12,leipzig
2021-08-04 11:00:00,20,14,0.0,11.5,4,18,01:19 AM,06:28 PM,05:40 AM,08:53 PM,13,19,19,19,16,58,68,0.0,1013,19,10,228,12,leipzig
2021-08-04 12:00:00,20,14,0.0,11.5,4,18,01:19 AM,06:28 PM,05:40 AM,08:53 PM,13,20,20,20,16,55,65,0.0,1013,20,10,225,13,leipzig
2021-08-04 13:00:00,20,14,0.0,11.5,4,18,01:19 AM,06:28 PM,05:40 AM,08:53 PM,13,20,20,20,17,65,63,0.0,1013,20,10,225,13,leipzig
2021-08-04 14:00:00,20,14,0.0,11.5,4,18,01:19 AM,06:28 PM,05:40 AM,08:53 PM,12,20,20,20,18,74,61,0.1,1013,20,10,224,13,leipzig
2021-08-04 15:00:00,20,14,0.0,11.5,4,18,01:19 AM,06:28 PM,05:40 AM,08:53 PM,12,20,20,20,19,84,60,0.1,1012,20,10,224,14,leipzig
2021-08-04 16:00:00,20,14,0.0,11.5,4,18,01:19 AM,06:28 PM,05:40 AM,08:53 PM,12,19,19,19,21,81,63,0.0,1013,19,10,225,14,leipzig
2021-08-04 17:00:00,20,14,0.0,11.5,4,18,01:19 AM,06:28 PM,05:40 AM,08:53 PM,12,18,18,18,23,79,67,0.0,1013,18,10,226,15,leipzig
2021-08-04 18:00:00,20,14,0.0,11.5,4,18,01:19 AM,06:28 PM,05:40 AM,08:53 PM,12,18,18,18,25,77,70,0.0,1013,18,10,227,15,leipzig
2021-08-04 19:00:00,20,14,0.0,11.5,4,18,01:19 AM,06:28 PM,05:40 AM,08:53 PM,12,17,17,17,24,69,74,0.0,1013,17,10,226,15,leipzig
2021-08-04 20:00:00,20,14,0.0,11.5,4,18,01:19 AM,06:28 PM,05:40 AM,08:53 PM,12,16,16,16,24,61,78,0.0,1013,16,10,225,14,leipzig
2021-08-04 21:00:00,20,14,0.0,11.5,4,18,01:19 AM,06:28 PM,05:40 AM,08:53 PM,12,15,15,15,23,53,81,0.0,1013,15,10,224,14,leipzig
2021-08-04 22:00:00,20,14,0.0,11.5,4,18,01:19 AM,06:28 PM,05:40 AM,08:53 PM,12,14,15,14,23,58,83,0.0,1013,15,10,226,12,leipzig
2021-08-04 23:00:00,20,14,0.0,11.5,4,18,01:19 AM,06:28 PM,05:40 AM,08:53 PM,12,14,15,14,22,63,85,0.0,1013,15,10,227,11,leipzig
2021-08-05 00:00:00,22,13,0.0,11.5,4,11,01:57 AM,07:25 PM,05:42 AM,08:51 PM,12,13,14,13,21,68,87,0.0,1013,14,10,229,10,leipzig
2021-08-05 01:00:00,22,13,0.0,11.5,4,11,01:57 AM,07:25 PM,05:42 AM,08:51 PM,12,13,14,13,20,61,87,0.0,1013,14,10,228,10,leipzig
2021-08-05 02:00:00,22,13,0.0,11.5,4,11,01:57 AM,07:25 PM,05:42 AM,08:51 PM,12,13,14,13,18,53,88,0.0,1012,14,10,228,9,leipzig
2021-08-05 03:00:00,22,13,0.0,11.5,4,11,01:57 AM,07:25 PM,05:42 AM,08:51 PM,12,13,13,13,17,46,88,0.0,1012,13,10,228,9,leipzig
2021-08-05 04:00:00,22,13,0.0,11.5,4,11,01:57 AM,07:25 PM,05:42 AM,08:51 PM,12,14,14,14,15,46,86,0.0,1012,14,10,228,8,leipzig
2021-08-05 05:00:00,22,13,0.0,11.5,4,11,01:57 AM,07:25 PM,05:42 AM,08:51 PM,12,14,14,14,13,46,83,0.0,1012,14,10,229,8,leipzig
2021-08-05 06:00:00,22,13,0.0,11.5,4,11,01:57 AM,07:25 PM,05:42 AM,08:51 PM,12,15,15,15,11,46,81,0.0,1012,15,10,230,8,leipzig
2021-08-05 07:00:00,22,13,0.0,11.5,4,11,01:57 AM,07:25 PM,05:42 AM,08:51 PM,12,16,16,16,11,50,76,0.0,1012,16,10,234,8,leipzig
2021-08-05 08:00:00,22,13,0.0,11.5,4,11,01:57 AM,07:25 PM,05:42 AM,08:51 PM,12,17,17,17,10,53,71,0.0,1011,17,10,238,8,leipzig
2021-08-05 09:00:00,22,13,0.0,11.5,4,11,01:57 AM,07:25 PM,05:42 AM,08:51 PM,12,18,18,18,10,57,66,0.0,1011,18,10,242,8,leipzig
2021-08-05 10:00:00,22,13,0.0,11.5,4,11,01:57 AM,07:25 PM,05:42 AM,08:51 PM,12,19,20,19,10,63,62,0.0,1011,19,10,247,8,leipzig
2021-08-05 11:00:00,22,13,0.0,11.5,4,11,01:57 AM,07:25 PM,05:42 AM,08:51 PM,12,20,21,20,10,69,58,0.0,1011,20,10,252,8,leipzig
2021-08-05 12:00:00,22,13,0.0,11.5,4,11,01:57 AM,07:25 PM,05:42 AM,08:51 PM,12,21,23,21,10,75,54,0.0,1010,21,10,257,8,leipzig
2021-08-05 13:00:00,22,13,0.0,11.5,4,11,01:57 AM,07:25 PM,05:42 AM,08:51 PM,11,22,23,22,8,82,53,0.0,1010,22,10,267,7,leipzig
2021-08-05 14:00:00,22,13,0.0,11.5,4,11,01:57 AM,07:25 PM,05:42 AM,08:51 PM,11,22,24,22,6,88,51,0.0,1009,22,10,277,5,leipzig
2021-08-05 15:00:00,22,13,0.0,11.5,4,11,01:57 AM,07:25 PM,05:42 AM,08:51 PM,11,25,25,22,4,94,50,0.0,1009,22,10,286,4,leipzig
2021-08-05 16:00:00,22,13,0.0,11.5,4,11,01:57 AM,07:25 PM,05:42 AM,08:51 PM,12,22,24,22,5,85,53,0.0,1009,22,10,250,4,leipzig
2021-08-05 17:00:00,22,13,0.0,11.5,4,11,01:57 AM,07:25 PM,05:42 AM,08:51 PM,12,21,23,21,5,76,56,0.0,1009,21,10,213,4,leipzig
2021-08-05 18:00:00,22,13,0.0,11.5,4,11,01:57 AM,07:25 PM,05:42 AM,08:51 PM,13,21,22,21,6,67,59,0.0,1008,21,10,176,4,leipzig
2021-08-05 19:00:00,22,13,0.0,11.5,4,11,01:57 AM,07:25 PM,05:42 AM,08:51 PM,13,20,21,20,8,60,62,0.0,1008,20,10,172,5,leipzig
2021-08-05 20:00:00,22,13,0.0,11.5,4,11,01:57 AM,07:25 PM,05:42 AM,08:51 PM,13,20,20,20,9,53,64,0.0,1008,20,10,169,6,leipzig
2021-08-05 21:00:00,22,13,0.0,11.5,4,11,01:57 AM,07:25 PM,05:42 AM,08:51 PM,13,19,19,19,10,46,66,0.0,1008,19,10,165,6,leipzig
2021-08-05 22:00:00,22,13,0.0,11.5,4,11,01:57 AM,07:25 PM,05:42 AM,08:51 PM,13,18,18,18,11,57,73,0.0,1008,18,10,165,6,leipzig
2021-08-05 23:00:00,22,13,0.0,11.5,4,11,01:57 AM,07:25 PM,05:42 AM,08:51 PM,13,17,17,17,11,68,79,0.4,1008,17,10,164,6,leipzig
2021-08-06 00:00:00,24,15,0.0,12.5,5,4,02:48 AM,08:11 PM,05:43 AM,08:49 PM,14,16,16,16,11,79,86,0.6,1008,16,9,164,6,leipzig
2021-08-06 01:00:00,24,15,0.0,12.5,5,4,02:48 AM,08:11 PM,05:43 AM,08:49 PM,13,16,16,16,12,73,87,0.3,1008,16,9,176,7,leipzig
2021-08-06 02:00:00,24,15,0.0,12.5,5,4,02:48 AM,08:11 PM,05:43 AM,08:49 PM,13,15,15,15,13,68,88,0.2,1008,15,10,188,7,leipzig
2021-08-06 03:00:00,24,15,0.0,12.5,5,4,02:48 AM,08:11 PM,05:43 AM,08:49 PM,13,15,15,15,14,62,89,0.2,1008,15,10,201,8,leipzig
2021-08-06 04:00:00,24,15,0.0,12.5,5,4,02:48 AM,08:11 PM,05:43 AM,08:49 PM,13,15,15,15,15,57,87,0.1,1008,15,10,206,8,leipzig
2021-08-06 05:00:00,24,15,0.0,12.5,5,4,02:48 AM,08:11 PM,05:43 AM,08:49 PM,13,15,15,15,15,52,85,0.0,1008,15,10,212,9,leipzig
2021-08-06 06:00:00,24,15,0.0,12.5,5,4,02:48 AM,08:11 PM,05:43 AM,08:49 PM,13,16,16,16,15,46,83,0.0,1008,16,10,218,10,leipzig
2021-08-06 07:00:00,24,15,0.0,12.5,5,4,02:48 AM,08:11 PM,05:43 AM,08:49 PM,13,17,17,17,15,48,78,0.0,1008,17,10,219,11,leipzig
2021-08-06 08:00:00,24,15,0.0,12.5,5,4,02:48 AM,08:11 PM,05:43 AM,08:49 PM,13,18,18,18,15,50,73,0.0,1008,18,10,219,12,leipzig
2021-08-06 09:00:00,24,15,0.0,12.5,5,4,02:48 AM,08:11 PM,05:43 AM,08:49 PM,13,19,19,19,15,51,69,0.0,1008,19,10,220,13,leipzig
2021-08-06 10:00:00,24,15,0.0,12.5,5,4,02:48 AM,08:11 PM,05:43 AM,08:49 PM,13,21,21,21,16,58,63,0.0,1008,21,10,225,14,leipzig
2021-08-06 11:00:00,24,15,0.0,12.5,5,4,02:48 AM,08:11 PM,05:43 AM,08:49 PM,13,22,22,22,17,65,57,0.0,1008,22,10,230,15,leipzig
2021-08-06 12:00:00,24,15,0.0,12.5,5,4,02:48 AM,08:11 PM,05:43 AM,08:49 PM,12,24,24,23,18,71,51,0.0,1007,23,10,235,16,leipzig
2021-08-06 13:00:00,24,15,0.0,12.5,5,4,02:48 AM,08:11 PM,05:43 AM,08:49 PM,12,24,24,23,18,70,49,0.0,1007,23,10,235,15,leipzig
2021-08-06 14:00:00,24,15,0.0,12.5,5,4,02:48 AM,08:11 PM,05:43 AM,08:49 PM,12,25,25,24,18,70,47,0.0,1007,24,10,235,15,leipzig
2021-08-06 15:00:00,24,15,0.0,12.5,5,4,02:48 AM,08:11 PM,05:43 AM,08:49 PM,12,25,25,24,18,69,45,0.0,1007,24,10,235,14,leipzig
2021-08-06 16:00:00,24,15,0.0,12.5,5,4,02:48 AM,08:11 PM,05:43 AM,08:49 PM,12,24,24,24,18,60,50,0.0,1007,24,10,239,14,leipzig
2021-08-06 17:00:00,24,15,0.0,12.5,5,4,02:48 AM,08:11 PM,05:43 AM,08:49 PM,13,23,23,23,19,50,55,0.0,1007,23,10,243,13,leipzig
2021-08-06 18:00:00,24,15,0.0,12.5,5,4,02:48 AM,08:11 PM,05:43 AM,08:49 PM,13,22,22,22,20,41,60,0.0,1007,22,10,247,13,leipzig
2021-08-06 19:00:00,24,15,0.0,12.5,5,4,02:48 AM,08:11 PM,05:43 AM,08:49 PM,14,21,21,21,21,50,66,0.0,1008,21,10,243,13,leipzig
2021-08-06 20:00:00,24,15,0.0,12.5,5,4,02:48 AM,08:11 PM,05:43 AM,08:49 PM,14,19,19,19,21,59,72,0.0,1008,19,10,238,12,leipzig
2021-08-06 21:00:00,24,15,0.0,12.5,5,4,02:48 AM,08:11 PM,05:43 AM,08:49 PM,14,18,18,18,22,68,78,0.0,1008,18,9,234,12,leipzig
2021-08-06 22:00:00,24,15,0.0,12.5,5,4,02:48 AM,08:11 PM,05:43 AM,08:49 PM,14,17,17,17,24,52,81,0.0,1008,17,10,232,13,leipzig
2021-08-06 23:00:00,24,15,0.0,12.5,5,4,02:48 AM,08:11 PM,05:43 AM,08:49 PM,14,16,16,16,26,36,84,0.0,1008,16,10,230,13,leipzig
2021-08-07 00:00:00,25,14,0.0,13.5,6,0,03:49 AM,08:49 PM,05:45 AM,08:47 PM,13,15,15,15,28,21,87,0.0,1008,15,10,229,14,leipzig
2021-08-07 01:00:00,25,14,0.0,13.5,6,0,03:49 AM,08:49 PM,05:45 AM,08:47 PM,13,14,15,14,27,21,88,0.0,1008,15,10,228,13,leipzig
2021-08-07 02:00:00,25,14,0.0,13.5,6,0,03:49 AM,08:49 PM,05:45 AM,08:47 PM,13,14,15,14,25,21,89,0.0,1009,15,10,228,13,leipzig
2021-08-07 03:00:00,25,14,0.0,13.5,6,0,03:49 AM,08:49 PM,05:45 AM,08:47 PM,13,13,14,13,24,21,90,0.0,1009,14,10,228,12,leipzig
2021-08-07 04:00:00,25,14,0.0,13.5,6,0,03:49 AM,08:49 PM,05:45 AM,08:47 PM,13,14,15,14,22,18,87,0.0,1009,15,10,225,12,leipzig
2021-08-07 05:00:00,25,14,0.0,13.5,6,0,03:49 AM,08:49 PM,05:45 AM,08:47 PM,13,15,15,15,20,16,85,0.0,1009,15,10,223,12,leipzig
2021-08-07 06:00:00,25,14,0.0,13.5,6,0,03:49 AM,08:49 PM,05:45 AM,08:47 PM,13,15,16,15,18,13,83,0.0,1009,16,10,220,11,leipzig
2021-08-07 07:00:00,25,14,0.0,13.5,6,0,03:49 AM,08:49 PM,05:45 AM,08:47 PM,13,17,18,17,17,13,76,0.0,1009,17,10,218,11,leipzig
2021-08-07 08:00:00,25,14,0.0,13.5,6,0,03:49 AM,08:49 PM,05:45 AM,08:47 PM,12,18,20,18,15,13,69,0.0,1009,18,10,216,12,leipzig
2021-08-07 09:00:00,25,14,0.0,13.5,6,0,03:49 AM,08:49 PM,05:45 AM,08:47 PM,12,20,22,20,14,13,63,0.0,1009,20,10,215,12,leipzig
2021-08-07 10:00:00,25,14,0.0,13.5,6,0,03:49 AM,08:49 PM,05:45 AM,08:47 PM,12,21,23,21,14,15,58,0.0,1008,21,10,208,11,leipzig
2021-08-07 11:00:00,25,14,0.0,13.5,6,0,03:49 AM,08:49 PM,05:45 AM,08:47 PM,12,24,24,22,13,17,52,0.0,1007,22,10,201,11,leipzig
2021-08-07 12:00:00,25,14,0.0,13.5,6,0,03:49 AM,08:49 PM,05:45 AM,08:47 PM,12,25,25,24,12,19,47,0.0,1007,24,10,195,10,leipzig
2021-08-07 13:00:00,25,14,0.0,13.5,6,0,03:49 AM,08:49 PM,05:45 AM,08:47 PM,12,25,25,24,10,28,46,0.0,1006,24,10,154,8,leipzig
2021-08-07 14:00:00,25,14,0.0,13.5,6,0,03:49 AM,08:49 PM,05:45 AM,08:47 PM,12,25,25,25,7,37,45,0.0,1006,25,10,114,6,leipzig
2021-08-07 15:00:00,25,14,0.0,13.5,6,0,03:49 AM,08:49 PM,05:45 AM,08:47 PM,12,26,26,25,5,46,44,0.0,1005,25,10,74,4,leipzig
2021-08-07 16:00:00,25,14,0.0,13.5,6,0,03:49 AM,08:49 PM,05:45 AM,08:47 PM,13,26,26,24,12,56,52,0.0,1005,24,10,116,9,leipzig
2021-08-07 17:00:00,25,14,0.0,13.5,6,0,03:49 AM,08:49 PM,05:45 AM,08:47 PM,13,26,26,24,19,67,59,0.0,1005,24,10,158,13,leipzig
2021-08-07 18:00:00,25,14,0.0,13.5,6,0,03:49 AM,08:49 PM,05:45 AM,08:47 PM,13,26,26,23,26,78,67,0.0,1005,23,10,199,18,leipzig
2021-08-07 19:00:00,25,14,0.0,13.5,6,0,03:49 AM,08:49 PM,05:45 AM,08:47 PM,14,22,24,22,25,84,74,0.0,1006,22,9,209,17,leipzig
2021-08-07 20:00:00,25,14,0.0,13.5,6,0,03:49 AM,08:49 PM,05:45 AM,08:47 PM,14,21,23,21,23,90,82,3.6,1007,21,8,219,16,leipzig
2021-08-07 21:00:00,25,14,0.0,13.5,6,0,03:49 AM,08:49 PM,05:45 AM,08:47 PM,15,19,22,19,22,96,90,4.8,1007,19,7,228,15,leipzig
2021-08-07 22:00:00,25,14,0.0,13.5,6,0,03:49 AM,08:49 PM,05:45 AM,08:47 PM,15,18,20,18,21,90,91,2.4,1007,18,7,231,15,leipzig
2021-08-07 23:00:00,25,14,0.0,13.5,6,0,03:49 AM,08:49 PM,05:45 AM,08:47 PM,15,17,18,17,21,83,93,0.6,1007,17,8,233,14,leipzig
2021-08-08 00:00:00,21,15,0.0,14.5,4,0,05:00 AM,09:18 PM,05:46 AM,08:45 PM,15,16,16,16,20,77,94,0.8,1007,16,9,236,14,leipzig
2021-08-08 01:00:00,21,15,0.0,14.5,4,0,05:00 AM,09:18 PM,05:46 AM,08:45 PM,15,15,16,15,21,71,93,0.4,1007,16,9,233,14,leipzig
2021-08-08 02:00:00,21,15,0.0,14.5,4,0,05:00 AM,09:18 PM,05:46 AM,08:45 PM,14,15,15,15,22,66,92,0.0,1007,15,10,231,15,leipzig
2021-08-08 03:00:00,21,15,0.0,14.5,4,0,05:00 AM,09:18 PM,05:46 AM,08:45 PM,14,14,15,14,24,61,91,0.0,1007,15,10,228,15,leipzig
2021-08-08 04:00:00,21,15,0.0,14.5,4,0,05:00 AM,09:18 PM,05:46 AM,08:45 PM,14,15,15,15,26,56,89,0.0,1008,15,10,228,17,leipzig
2021-08-08 05:00:00,21,15,0.0,14.5,4,0,05:00 AM,09:18 PM,05:46 AM,08:45 PM,13,15,15,15,29,51,87,0.0,1008,15,10,227,19,leipzig
2021-08-08 06:00:00,21,15,0.0,14.5,4,0,05:00 AM,09:18 PM,05:46 AM,08:45 PM,13,15,16,15,31,46,85,0.0,1008,16,10,226,21,leipzig
2021-08-08 07:00:00,21,15,0.0,14.5,4,0,05:00 AM,09:18 PM,05:46 AM,08:45 PM,13,16,17,16,32,47,80,0.0,1009,17,10,227,23,leipzig
2021-08-08 08:00:00,21,15,0.0,14.5,4,0,05:00 AM,09:18 PM,05:46 AM,08:45 PM,13,18,18,18,32,47,74,0.0,1009,18,10,229,24,leipzig
2021-08-08 09:00:00,21,15,0.0,14.5,4,0,05:00 AM,09:18 PM,05:46 AM,08:45 PM,13,19,19,19,33,48,68,0.0,1010,19,10,230,26,leipzig
2021-08-08 10:00:00,21,15,0.0,14.5,4,0,05:00 AM,09:18 PM,05:46 AM,08:45 PM,12,20,20,20,34,47,64,0.0,1010,20,10,237,27,leipzig
2021-08-08 11:00:00,21,15,0.0,14.5,4,0,05:00 AM,09:18 PM,05:46 AM,08:45 PM,12,20,22,20,34,47,59,0.0,1010,20,10,243,29,leipzig
2021-08-08 12:00:00,21,15,0.0,14.5,4,0,05:00 AM,09:18 PM,05:46 AM,08:45 PM,12,21,23,21,35,46,55,0.0,1010,21,10,250,30,leipzig
2021-08-08 13:00:00,21,15,0.0,14.5,4,0,05:00 AM,09:18 PM,05:46 AM,08:45 PM,12,21,23,21,36,38,54,0.0,1011,21,10,252,30,leipzig
2021-08-08 14:00:00,21,15,0.0,14.5,4,0,05:00 AM,09:18 PM,05:46 AM,08:45 PM,11,21,22,21,36,29,54,0.0,1011,21,10,254,30,leipzig
2021-08-08 15:00:00,21,15,0.0,14.5,4,0,05:00 AM,09:18 PM,05:46 AM,08:45 PM,11,21,22,21,36,21,53,0.0,1012,21,10,255,29,leipzig
2021-08-08 16:00:00,21,15,0.0,14.5,4,0,05:00 AM,09:18 PM,05:46 AM,08:45 PM,11,20,21,20,36,21,57,0.0,1012,20,10,252,27,leipzig
2021-08-08 17:00:00,21,15,0.0,14.5,4,0,05:00 AM,09:18 PM,05:46 AM,08:45 PM,12,20,20,20,36,20,60,0.0,1013,20,10,249,26,leipzig
2021-08-08 18:00:00,21,15,0.0,14.5,4,0,05:00 AM,09:18 PM,05:46 AM,08:45 PM,12,19,19,19,36,20,64,0.0,1014,19,10,246,24,leipzig
2021-08-08 19:00:00,21,15,0.0,14.5,4,0,05:00 AM,09:18 PM,05:46 AM,08:45 PM,12,18,18,18,36,21,67,0.0,1014,18,10,241,23,leipzig
2021-08-08 20:00:00,21,15,0.0,14.5,4,0,05:00 AM,09:18 PM,05:46 AM,08:45 PM,12,17,17,17,35,22,70,0.0,1015,17,10,237,22,leipzig
2021-08-08 21:00:00,21,15,0.0,14.5,4,0,05:00 AM,09:18 PM,05:46 AM,08:45 PM,12,16,16,16,35,23,73,0.0,1016,16,10,233,21,leipzig
2021-08-08 22:00:00,21,15,0.0,14.5,4,0,05:00 AM,09:18 PM,05:46 AM,08:45 PM,11,15,16,15,33,18,74,0.0,1016,16,10,232,19,leipzig
2021-08-08 23:00:00,21,15,0.0,14.5,4,0,05:00 AM,09:18 PM,05:46 AM,08:45 PM,11,14,15,14,32,14,75,0.0,1017,15,10,231,18,leipzig
2021-08-09 00:00:00,23,13,0.0,14.5,5,3,06:16 AM,09:41 PM,05:48 AM,08:44 PM,10,14,14,14,30,9,75,0.0,1017,14,10,230,17,leipzig
2021-08-09 01:00:00,23,13,0.0,14.5,5,3,06:16 AM,09:41 PM,05:48 AM,08:44 PM,10,13,14,13,29,10,78,0.0,1017,14,10,226,16,leipzig
2021-08-09 02:00:00,23,13,0.0,14.5,5,3,06:16 AM,09:41 PM,05:48 AM,08:44 PM,10,12,13,12,28,11,80,0.0,1018,13,10,223,15,leipzig
2021-08-09 03:00:00,23,13,0.0,14.5,5,3,06:16 AM,09:41 PM,05:48 AM,08:44 PM,10,12,13,12,27,12,82,0.0,1018,13,10,220,14,leipzig
2021-08-09 04:00:00,23,13,0.0,14.5,5,3,06:16 AM,09:41 PM,05:48 AM,08:44 PM,10,12,13,12,25,13,80,0.0,1018,13,10,219,14,leipzig
2021-08-09 05:00:00,23,13,0.0,14.5,5,3,06:16 AM,09:41 PM,05:48 AM,08:44 PM,10,13,14,13,24,14,79,0.0,1018,14,10,218,14,leipzig
2021-08-09 06:00:00,23,13,0.0,14.5,5,3,06:16 AM,09:41 PM,05:48 AM,08:44 PM,10,14,14,14,22,15,77,0.0,1019,14,10,217,14,leipzig
2021-08-09 07:00:00,23,13,0.0,14.5,5,3,06:16 AM,09:41 PM,05:48 AM,08:44 PM,10,15,16,15,22,15,71,0.0,1019,16,10,219,15,leipzig
2021-08-09 08:00:00,23,13,0.0,14.5,5,3,06:16 AM,09:41 PM,05:48 AM,08:44 PM,10,17,17,17,21,15,65,0.0,1019,17,10,221,16,leipzig
2021-08-09 09:00:00,23,13,0.0,14.5,5,3,06:16 AM,09:41 PM,05:48 AM,08:44 PM,10,18,18,18,21,14,59,0.0,1019,18,10,224,17,leipzig
2021-08-09 10:00:00,23,13,0.0,14.5,5,3,06:16 AM,09:41 PM,05:48 AM,08:44 PM,10,20,20,20,21,18,54,0.0,1019,20,10,227,18,leipzig
2021-08-09 11:00:00,23,13,0.0,14.5,5,3,06:16 AM,09:41 PM,05:48 AM,08:44 PM,9,21,21,21,21,22,49,0.0,1019,21,10,229,18,leipzig
2021-08-09 12:00:00,23,13,0.0,14.5,5,3,06:16 AM,09:41 PM,05:48 AM,08:44 PM,9,23,23,22,21,27,43,0.0,1018,22,10,232,18,leipzig
2021-08-09 13:00:00,23,13,0.0,14.5,5,3,06:16 AM,09:41 PM,05:48 AM,08:44 PM,9,23,23,22,22,31,43,0.0,1018,22,10,236,18,leipzig
2021-08-09 14:00:00,23,13,0.0,14.5,5,3,06:16 AM,09:41 PM,05:48 AM,08:44 PM,9,24,24,23,23,36,42,0.0,1018,23,10,241,18,leipzig
2021-08-09 15:00:00,23,13,0.0,14.5,5,3,06:16 AM,09:41 PM,05:48 AM,08:44 PM,9,24,24,23,24,41,41,0.0,1017,23,10,245,18,leipzig
2021-08-09 16:00:00,23,13,0.0,14.5,5,3,06:16 AM,09:41 PM,05:48 AM,08:44 PM,10,24,24,22,22,44,45,0.0,1017,22,10,245,15,leipzig
2021-08-09 17:00:00,23,13,0.0,14.5,5,3,06:16 AM,09:41 PM,05:48 AM,08:44 PM,10,22,23,22,20,47,48,0.0,1017,22,10,245,13,leipzig
2021-08-09 18:00:00,23,13,0.0,14.5,5,3,06:16 AM,09:41 PM,05:48 AM,08:44 PM,11,21,22,21,18,50,52,0.0,1017,21,10,245,11,leipzig
2021-08-09 19:00:00,23,13,0.0,14.5,5,3,06:16 AM,09:41 PM,05:48 AM,08:44 PM,11,21,21,21,18,56,56,0.0,1018,21,10,240,11,leipzig
2021-08-09 20:00:00,23,13,0.0,14.5,5,3,06:16 AM,09:41 PM,05:48 AM,08:44 PM,11,20,20,20,19,62,59,0.1,1018,20,10,235,10,leipzig
2021-08-09 21:00:00,23,13,0.0,14.5,5,3,06:16 AM,09:41 PM,05:48 AM,08:44 PM,12,19,19,19,20,68,63,0.1,1018,19,9,230,10,leipzig
2021-08-09 22:00:00,23,13,0.0,14.5,5,3,06:16 AM,09:41 PM,05:48 AM,08:44 PM,12,18,18,18,21,74,69,0.1,1018,18,9,230,10,leipzig
2021-08-09 23:00:00,23,13,0.0,14.5,5,3,06:16 AM,09:41 PM,05:48 AM,08:44 PM,12,16,16,16,21,81,75,0.1,1018,16,10,229,11,leipzig
2021-08-10 00:00:00,24,14,0.0,12.4,5,11,07:35 AM,10:00 PM,05:49 AM,08:42 PM,12,15,15,15,22,88,81,0.1,1018,15,10,229,11,leipzig
2021-08-10 01:00:00,24,14,0.0,12.4,5,11,07:35 AM,10:00 PM,05:49 AM,08:42 PM,12,14,15,14,22,70,82,0.0,1018,15,10,226,11,leipzig
2021-08-10 02:00:00,24,14,0.0,12.4,5,11,07:35 AM,10:00 PM,05:49 AM,08:42 PM,12,14,14,14,21,52,83,0.0,1018,14,10,222,11,leipzig
2021-08-10 03:00:00,24,14,0.0,12.4,5,11,07:35 AM,10:00 PM,05:49 AM,08:42 PM,12,14,14,14,21,34,84,0.0,1018,14,10,219,11,leipzig
2021-08-10 04:00:00,24,14,0.0,12.4,5,11,07:35 AM,10:00 PM,05:49 AM,08:42 PM,12,14,15,14,20,26,82,0.0,1018,15,10,216,11,leipzig
2021-08-10 05:00:00,24,14,0.0,12.4,5,11,07:35 AM,10:00 PM,05:49 AM,08:42 PM,12,15,15,15,19,18,80,0.0,1018,15,10,214,11,leipzig
2021-08-10 06:00:00,24,14,0.0,12.4,5,11,07:35 AM,10:00 PM,05:49 AM,08:42 PM,12,15,16,15,18,10,77,0.0,1019,16,10,212,12,leipzig
2021-08-10 07:00:00,24,14,0.0,12.4,5,11,07:35 AM,10:00 PM,05:49 AM,08:42 PM,11,17,18,17,17,17,71,0.0,1018,17,10,218,12,leipzig
2021-08-10 08:00:00,24,14,0.0,12.4,5,11,07:35 AM,10:00 PM,05:49 AM,08:42 PM,11,18,20,18,16,25,65,0.0,1018,18,10,224,12,leipzig
2021-08-10 09:00:00,24,14,0.0,12.4,5,11,07:35 AM,10:00 PM,05:49 AM,08:42 PM,11,20,22,20,15,33,59,0.0,1018,20,10,230,13,leipzig
2021-08-10 10:00:00,24,14,0.0,12.4,5,11,07:35 AM,10:00 PM,05:49 AM,08:42 PM,11,21,23,21,15,42,55,0.0,1018,21,10,230,12,leipzig
2021-08-10 11:00:00,24,14,0.0,12.4,5,11,07:35 AM,10:00 PM,05:49 AM,08:42 PM,11,22,24,22,14,51,52,0.0,1018,22,10,231,11,leipzig
2021-08-10 12:00:00,24,14,0.0,12.4,5,11,07:35 AM,10:00 PM,05:49 AM,08:42 PM,11,25,25,23,13,60,48,0.0,1017,23,10,232,10,leipzig
2021-08-10 13:00:00,24,14,0.0,12.4,5,11,07:35 AM,10:00 PM,05:49 AM,08:42 PM,11,25,25,23,15,63,47,0.0,1017,23,10,242,12,leipzig
2021-08-10 14:00:00,24,14,0.0,12.4,5,11,07:35 AM,10:00 PM,05:49 AM,08:42 PM,11,25,25,23,16,67,46,0.0,1017,23,10,251,13,leipzig
2021-08-10 15:00:00,24,14,0.0,12.4,5,11,07:35 AM,10:00 PM,05:49 AM,08:42 PM,11,25,25,24,18,70,45,0.0,1016,24,10,261,14,leipzig
2021-08-10 16:00:00,24,14,0.0,12.4,5,11,07:35 AM,10:00 PM,05:49 AM,08:42 PM,12,24,24,23,21,72,52,0.0,1016,23,10,267,15,leipzig
2021-08-10 17:00:00,24,14,0.0,12.4,5,11,07:35 AM,10:00 PM,05:49 AM,08:42 PM,12,22,24,22,24,74,59,0.0,1016,22,10,273,17,leipzig
2021-08-10 18:00:00,24,14,0.0,12.4,5,11,07:35 AM,10:00 PM,05:49 AM,08:42 PM,13,21,24,21,27,76,65,0.0,1016,21,10,280,18,leipzig
2021-08-10 19:00:00,24,14,0.0,12.4,5,11,07:35 AM,10:00 PM,05:49 AM,08:42 PM,13,20,22,20,25,79,72,0.0,1016,20,10,266,17,leipzig
2021-08-10 20:00:00,24,14,0.0,12.4,5,11,07:35 AM,10:00 PM,05:49 AM,08:42 PM,13,18,20,18,23,82,78,0.5,1017,18,10,252,15,leipzig
2021-08-10 21:00:00,24,14,0.0,12.4,5,11,07:35 AM,10:00 PM,05:49 AM,08:42 PM,14,17,18,17,21,85,85,0.7,1017,17,9,238,14,leipzig
2021-08-10 22:00:00,24,14,0.0,12.4,5,11,07:35 AM,10:00 PM,05:49 AM,08:42 PM,14,17,17,17,20,82,87,0.3,1017,17,9,240,12,leipzig
2021-08-10 23:00:00,24,14,0.0,12.4,5,11,07:35 AM,10:00 PM,05:49 AM,08:42 PM,14,16,16,16,18,79,90,0.4,1017,16,9,243,11,leipzig
2021-08-11 00:00:00,24,15,0.0,14.5,5,18,08:54 AM,10:17 PM,05:51 AM,08:40 PM,14,15,15,15,17,76,93,0.6,1018,15,9,246,9,leipzig
2021-08-11 01:00:00,24,15,0.0,14.5,5,18,08:54 AM,10:17 PM,05:51 AM,08:40 PM,14,15,15,15,17,64,93,0.3,1018,15,9,247,9,leipzig
2021-08-11 02:00:00,24,15,0.0,14.5,5,18,08:54 AM,10:17 PM,05:51 AM,08:40 PM,14,15,15,15,18,51,93,0.1,1018,15,10,249,9,leipzig
2021-08-11 03:00:00,24,15,0.0,14.5,5,18,08:54 AM,10:17 PM,05:51 AM,08:40 PM,13,14,15,14,18,38,93,0.2,1018,15,10,250,9,leipzig
2021-08-11 04:00:00,24,15,0.0,14.5,5,18,08:54 AM,10:17 PM,05:51 AM,08:40 PM,13,15,15,15,16,30,90,0.1,1019,15,10,254,9,leipzig
2021-08-11 05:00:00,24,15,0.0,14.5,5,18,08:54 AM,10:17 PM,05:51 AM,08:40 PM,13,15,15,15,15,22,88,0.0,1019,15,10,257,9,leipzig
2021-08-11 06:00:00,24,15,0.0,14.5,5,18,08:54 AM,10:17 PM,05:51 AM,08:40 PM,13,16,16,16,13,15,85,0.0,1019,16,10,260,9,leipzig
2021-08-11 07:00:00,24,15,0.0,14.5,5,18,08:54 AM,10:17 PM,05:51 AM,08:40 PM,13,17,17,17,13,16,78,0.0,1020,17,10,266,9,leipzig
2021-08-11 08:00:00,24,15,0.0,14.5,5,18,08:54 AM,10:17 PM,05:51 AM,08:40 PM,13,18,18,18,13,18,71,0.0,1020,18,10,271,10,leipzig
2021-08-11 09:00:00,24,15,0.0,14.5,5,18,08:54 AM,10:17 PM,05:51 AM,08:40 PM,12,19,19,19,12,20,64,0.0,1020,19,10,277,10,leipzig
2021-08-11 10:00:00,24,15,0.0,14.5,5,18,08:54 AM,10:17 PM,05:51 AM,08:40 PM,12,20,21,20,13,28,59,0.0,1020,20,10,276,11,leipzig
2021-08-11 11:00:00,24,15,0.0,14.5,5,18,08:54 AM,10:17 PM,05:51 AM,08:40 PM,11,22,22,22,15,36,53,0.0,1020,22,10,276,12,leipzig
2021-08-11 12:00:00,24,15,0.0,14.5,5,18,08:54 AM,10:17 PM,05:51 AM,08:40 PM,11,23,23,23,16,43,48,0.0,1020,23,10,276,14,leipzig
2021-08-11 13:00:00,24,15,0.0,14.5,5,18,08:54 AM,10:17 PM,05:51 AM,08:40 PM,11,24,24,23,17,46,46,0.0,1020,23,10,275,14,leipzig
2021-08-11 14:00:00,24,15,0.0,14.5,5,18,08:54 AM,10:17 PM,05:51 AM,08:40 PM,10,24,24,23,18,48,44,0.0,1020,23,10,274,15,leipzig
2021-08-11 15:00:00,24,15,0.0,14.5,5,18,08:54 AM,10:17 PM,05:51 AM,08:40 PM,10,25,25,24,20,51,42,0.0,1020,24,10,273,16,leipzig
2021-08-11 16:00:00,24,15,0.0,14.5,5,18,08:54 AM,10:17 PM,05:51 AM,08:40 PM,11,24,24,23,20,44,46,0.0,1020,23,10,290,15,leipzig
2021-08-11 17:00:00,24,15,0.0,14.5,5,18,08:54 AM,10:17 PM,05:51 AM,08:40 PM,11,23,23,22,20,37,50,0.0,1020,22,10,308,14,leipzig
2021-08-11 18:00:00,24,15,0.0,14.5,5,18,08:54 AM,10:17 PM,05:51 AM,08:40 PM,12,21,22,21,20,30,54,0.0,1020,21,10,325,13,leipzig
2021-08-11 19:00:00,24,15,0.0,14.5,5,18,08:54 AM,10:17 PM,05:51 AM,08:40 PM,12,20,21,20,17,24,59,0.0,1020,20,10,268,11,leipzig
2021-08-11 20:00:00,24,15,0.0,14.5,5,18,08:54 AM,10:17 PM,05:51 AM,08:40 PM,12,19,20,19,14,18,64,0.0,1021,19,10,212,9,leipzig
2021-08-11 21:00:00,24,15,0.0,14.5,5,18,08:54 AM,10:17 PM,05:51 AM,08:40 PM,13,18,18,18,12,12,69,0.0,1021,18,10,155,7,leipzig
2021-08-11 22:00:00,24,15,0.0,14.5,5,18,08:54 AM,10:17 PM,05:51 AM,08:40 PM,12,18,18,18,11,17,69,0.0,1021,18,10,138,6,leipzig
2021-08-11 23:00:00,24,15,0.0,14.5,5,18,08:54 AM,10:17 PM,05:51 AM,08:40 PM,11,17,17,17,10,21,69,0.0,1022,17,10,121,5,leipzig
2021-08-12 00:00:00,27,16,0.0,14.5,6,25,10:13 AM,10:33 PM,05:52 AM,08:38 PM,11,17,17,17,9,26,68,0.0,1022,17,10,104,5,leipzig
2021-08-12 01:00:00,27,16,0.0,14.5,6,25,10:13 AM,10:33 PM,05:52 AM,08:38 PM,11,16,16,16,9,25,70,0.0,1022,16,10,123,4,leipzig
2021-08-12 02:00:00,27,16,0.0,14.5,6,25,10:13 AM,10:33 PM,05:52 AM,08:38 PM,11,16,16,16,8,25,71,0.0,1022,16,10,143,4,leipzig
2021-08-12 03:00:00,27,16,0.0,14.5,6,25,10:13 AM,10:33 PM,05:52 AM,08:38 PM,11,16,16,16,8,24,73,0.0,1022,16,10,162,4,leipzig
2021-08-12 04:00:00,27,16,0.0,14.5,6,25,10:13 AM,10:33 PM,05:52 AM,08:38 PM,11,16,16,16,8,24,71,0.0,1022,16,10,163,4,leipzig
2021-08-12 05:00:00,27,16,0.0,14.5,6,25,10:13 AM,10:33 PM,05:52 AM,08:38 PM,11,17,17,17,8,23,70,0.0,1022,17,10,164,5,leipzig
2021-08-12 06:00:00,27,16,0.0,14.5,6,25,10:13 AM,10:33 PM,05:52 AM,08:38 PM,12,17,17,17,8,23,69,0.0,1022,17,10,165,5,leipzig
2021-08-12 07:00:00,27,16,0.0,14.5,6,25,10:13 AM,10:33 PM,05:52 AM,08:38 PM,12,19,19,19,8,23,65,0.0,1022,19,10,167,6,leipzig
2021-08-12 08:00:00,27,16,0.0,14.5,6,25,10:13 AM,10:33 PM,05:52 AM,08:38 PM,12,20,21,20,8,24,60,0.0,1022,20,10,170,6,leipzig
2021-08-12 09:00:00,27,16,0.0,14.5,6,25,10:13 AM,10:33 PM,05:52 AM,08:38 PM,12,22,23,22,8,24,56,0.0,1022,22,10,172,6,leipzig
2021-08-12 10:00:00,27,16,0.0,14.5,6,25,10:13 AM,10:33 PM,05:52 AM,08:38 PM,12,24,24,23,8,23,52,0.0,1021,23,10,185,6,leipzig
2021-08-12 11:00:00,27,16,0.0,14.5,6,25,10:13 AM,10:33 PM,05:52 AM,08:38 PM,12,25,25,24,8,22,48,0.0,1021,24,10,197,6,leipzig
2021-08-12 12:00:00,27,16,0.0,14.5,6,25,10:13 AM,10:33 PM,05:52 AM,08:38 PM,12,26,26,26,8,22,44,0.0,1021,26,10,209,6,leipzig
2021-08-12 13:00:00,27,16,0.0,14.5,6,25,10:13 AM,10:33 PM,05:52 AM,08:38 PM,12,26,26,26,8,23,42,0.0,1021,26,10,222,7,leipzig
2021-08-12 14:00:00,27,16,0.0,14.5,6,25,10:13 AM,10:33 PM,05:52 AM,08:38 PM,12,27,27,27,8,25,41,0.0,1020,27,10,235,7,leipzig
2021-08-12 15:00:00,27,16,0.0,14.5,6,25,10:13 AM,10:33 PM,05:52 AM,08:38 PM,12,27,27,27,9,26,39,0.0,1020,27,10,249,8,leipzig
2021-08-12 16:00:00,27,16,0.0,14.5,6,25,10:13 AM,10:33 PM,05:52 AM,08:38 PM,13,27,27,27,9,25,42,0.0,1020,27,10,260,7,leipzig
2021-08-12 17:00:00,27,16,0.0,14.5,6,25,10:13 AM,10:33 PM,05:52 AM,08:38 PM,13,27,27,26,9,23,46,0.0,1020,26,10,271,7,leipzig
2021-08-12 18:00:00,27,16,0.0,14.5,6,25,10:13 AM,10:33 PM,05:52 AM,08:38 PM,14,26,26,26,9,22,49,0.0,1020,26,10,283,6,leipzig
2021-08-12 19:00:00,27,16,0.0,14.5,6,25,10:13 AM,10:33 PM,05:52 AM,08:38 PM,14,26,26,25,9,23,51,0.0,1020,25,10,258,5,leipzig
2021-08-12 20:00:00,27,16,0.0,14.5,6,25,10:13 AM,10:33 PM,05:52 AM,08:38 PM,14,25,25,24,8,23,54,0.0,1020,24,10,233,5,leipzig
2021-08-12 21:00:00,27,16,0.0,14.5,6,25,10:13 AM,10:33 PM,05:52 AM,08:38 PM,14,25,25,23,8,24,56,0.0,1020,23,10,209,4,leipzig
2021-08-12 22:00:00,27,16,0.0,14.5,6,25,10:13 AM,10:33 PM,05:52 AM,08:38 PM,14,24,24,22,7,24,59,0.0,1020,22,10,191,4,leipzig
2021-08-12 23:00:00,27,16,0.0,14.5,6,25,10:13 AM,10:33 PM,05:52 AM,08:38 PM,14,22,23,22,7,24,62,0.0,1020,22,10,173,3,leipzig
2021-08-13 00:00:00,30,20,0.0,14.5,7,32,11:34 AM,10:49 PM,05:54 AM,08:36 PM,14,21,22,21,6,24,65,0.0,1020,21,10,156,3,leipzig
2021-08-13 01:00:00,30,20,0.0,14.5,7,32,11:34 AM,10:49 PM,05:54 AM,08:36 PM,14,21,21,21,6,18,67,0.0,1020,21,10,179,3,leipzig
2021-08-13 02:00:00,30,20,0.0,14.5,7,32,11:34 AM,10:49 PM,05:54 AM,08:36 PM,14,21,21,21,6,12,69,0.0,1020,21,10,202,3,leipzig
2021-08-13 03:00:00,30,20,0.0,14.5,7,32,11:34 AM,10:49 PM,05:54 AM,08:36 PM,15,20,20,20,6,5,71,0.0,1020,20,10,226,3,leipzig
2021-08-13 04:00:00,30,20,0.0,14.5,7,32,11:34 AM,10:49 PM,05:54 AM,08:36 PM,15,21,21,21,6,6,70,0.0,1020,21,10,238,3,leipzig
2021-08-13 05:00:00,30,20,0.0,14.5,7,32,11:34 AM,10:49 PM,05:54 AM,08:36 PM,15,21,22,21,5,6,68,0.0,1020,21,10,250,3,leipzig
2021-08-13 06:00:00,30,20,0.0,14.5,7,32,11:34 AM,10:49 PM,05:54 AM,08:36 PM,15,21,23,21,5,7,67,0.0,1020,21,10,263,4,leipzig
2021-08-13 07:00:00,30,20,0.0,14.5,7,32,11:34 AM,10:49 PM,05:54 AM,08:36 PM,15,24,24,22,6,6,63,0.0,1020,22,10,253,4,leipzig
2021-08-13 08:00:00,30,20,0.0,14.5,7,32,11:34 AM,10:49 PM,05:54 AM,08:36 PM,15,25,25,24,6,5,58,0.0,1021,24,10,244,5,leipzig
2021-08-13 09:00:00,30,20,0.0,14.5,7,32,11:34 AM,10:49 PM,05:54 AM,08:36 PM,15,26,26,25,7,4,53,0.0,1021,25,10,235,6,leipzig
2021-08-13 10:00:00,30,20,0.0,14.5,7,32,11:34 AM,10:49 PM,05:54 AM,08:36 PM,14,27,27,26,8,3,49,0.0,1020,26,10,235,7,leipzig
2021-08-13 11:00:00,30,20,0.0,14.5,7,32,11:34 AM,10:49 PM,05:54 AM,08:36 PM,14,28,28,28,9,2,44,0.0,1020,28,10,234,8,leipzig
2021-08-13 12:00:00,30,20,0.0,14.5,7,32,11:34 AM,10:49 PM,05:54 AM,08:36 PM,14,29,29,29,10,1,40,0.0,1020,29,10,234,8,leipzig
2021-08-13 13:00:00,30,20,0.0,14.5,7,32,11:34 AM,10:49 PM,05:54 AM,08:36 PM,13,29,29,30,11,4,38,0.0,1020,30,10,241,9,leipzig
2021-08-13 14:00:00,30,20,0.0,14.5,7,32,11:34 AM,10:49 PM,05:54 AM,08:36 PM,13,29,29,30,13,8,36,0.0,1019,30,10,249,10,leipzig
2021-08-13 15:00:00,30,20,0.0,14.5,7,32,11:34 AM,10:49 PM,05:54 AM,08:36 PM,13,30,30,30,14,12,34,0.0,1019,30,10,256,12,leipzig
2021-08-13 16:00:00,30,20,0.0,14.5,7,32,11:34 AM,10:49 PM,05:54 AM,08:36 PM,13,29,29,29,15,13,38,0.0,1019,29,10,266,11,leipzig
2021-08-13 17:00:00,30,20,0.0,14.5,7,32,11:34 AM,10:49 PM,05:54 AM,08:36 PM,14,28,28,29,15,14,41,0.0,1019,29,10,275,10,leipzig
2021-08-13 18:00:00,30,20,0.0,14.5,7,32,11:34 AM,10:49 PM,05:54 AM,08:36 PM,14,28,28,28,15,15,45,0.0,1019,28,10,284,10,leipzig
2021-08-13 19:00:00,30,20,0.0,14.5,7,32,11:34 AM,10:49 PM,05:54 AM,08:36 PM,15,27,27,27,14,16,48,0.0,1019,27,10,299,8,leipzig
2021-08-13 20:00:00,30,20,0.0,14.5,7,32,11:34 AM,10:49 PM,05:54 AM,08:36 PM,15,26,26,25,13,17,52,0.0,1019,25,10,313,7,leipzig
2021-08-13 21:00:00,30,20,0.0,14.5,7,32,11:34 AM,10:49 PM,05:54 AM,08:36 PM,15,26,26,24,12,18,56,0.0,1019,24,10,327,6,leipzig
2021-08-13 22:00:00,30,20,0.0,14.5,7,32,11:34 AM,10:49 PM,05:54 AM,08:36 PM,15,25,25,23,13,36,61,0.0,1020,23,10,325,7,leipzig
2021-08-13 23:00:00,30,20,0.0,14.5,7,32,11:34 AM,10:49 PM,05:54 AM,08:36 PM,15,23,23,22,15,54,66,0.0,1020,22,10,323,8,leipzig
2021-08-14 00:00:00,27,20,0.0,14.5,5,40,12:56 PM,11:08 PM,05:55 AM,08:34 PM,16,21,22,21,16,72,71,0.0,1021,21,10,321,9,leipzig
2021-08-14 01:00:00,27,20,0.0,14.5,5,40,12:56 PM,11:08 PM,05:55 AM,08:34 PM,16,21,21,21,15,74,72,0.0,1021,21,10,321,9,leipzig
2021-08-14 02:00:00,27,20,0.0,14.5,5,40,12:56 PM,11:08 PM,05:55 AM,08:34 PM,16,20,21,20,15,77,74,0.0,1021,20,10,322,9,leipzig
2021-08-14 03:00:00,27,20,0.0,14.5,5,40,12:56 PM,11:08 PM,05:55 AM,08:34 PM,16,20,20,20,14,79,75,0.0,1021,20,10,322,9,leipzig
2021-08-14 04:00:00,27,20,0.0,14.5,5,40,12:56 PM,11:08 PM,05:55 AM,08:34 PM,16,20,20,20,12,67,76,0.0,1021,20,10,325,9,leipzig
2021-08-14 05:00:00,27,20,0.0,14.5,5,40,12:56 PM,11:08 PM,05:55 AM,08:34 PM,16,20,20,20,11,56,77,0.0,1021,20,10,328,8,leipzig
2021-08-14 06:00:00,27,20,0.0,14.5,5,40,12:56 PM,11:08 PM,05:55 AM,08:34 PM,16,20,20,20,9,44,78,0.0,1021,20,10,330,7,leipzig
2021-08-14 07:00:00,27,20,0.0,14.5,5,40,12:56 PM,11:08 PM,05:55 AM,08:34 PM,16,21,21,21,10,44,74,0.0,1021,21,10,311,8,leipzig
2021-08-14 08:00:00,27,20,0.0,14.5,5,40,12:56 PM,11:08 PM,05:55 AM,08:34 PM,16,22,22,22,11,45,70,0.0,1020,22,10,293,9,leipzig
2021-08-14 09:00:00,27,20,0.0,14.5,5,40,12:56 PM,11:08 PM,05:55 AM,08:34 PM,16,24,24,23,12,45,65,0.0,1020,23,10,274,10,leipzig
2021-08-14 10:00:00,27,20,0.0,14.5,5,40,12:56 PM,11:08 PM,05:55 AM,08:34 PM,14,24,24,24,15,41,57,0.0,1020,24,10,268,13,leipzig
2021-08-14 11:00:00,27,20,0.0,14.5,5,40,12:56 PM,11:08 PM,05:55 AM,08:34 PM,13,25,25,25,18,36,49,0.0,1019,25,10,262,16,leipzig
2021-08-14 12:00:00,27,20,0.0,14.5,5,40,12:56 PM,11:08 PM,05:55 AM,08:34 PM,12,26,26,26,21,32,41,0.0,1019,26,10,257,18,leipzig
2021-08-14 13:00:00,27,20,0.0,14.5,5,40,12:56 PM,11:08 PM,05:55 AM,08:34 PM,11,26,26,27,23,26,38,0.0,1019,27,10,261,19,leipzig
2021-08-14 14:00:00,27,20,0.0,14.5,5,40,12:56 PM,11:08 PM,05:55 AM,08:34 PM,10,26,26,27,24,20,35,0.0,1018,27,10,266,21,leipzig
2021-08-14 15:00:00,27,20,0.0,14.5,5,40,12:56 PM,11:08 PM,05:55 AM,08:34 PM,9,26,26,27,26,14,31,0.0,1018,27,10,270,22,leipzig
2021-08-14 16:00:00,27,20,0.0,14.5,5,40,12:56 PM,11:08 PM,05:55 AM,08:34 PM,10,26,26,26,24,17,35,0.0,1018,26,10,281,19,leipzig
2021-08-14 17:00:00,27,20,0.0,14.5,5,40,12:56 PM,11:08 PM,05:55 AM,08:34 PM,10,26,26,25,23,19,39,0.0,1018,25,10,291,17,leipzig
2021-08-14 18:00:00,27,20,0.0,14.5,5,40,12:56 PM,11:08 PM,05:55 AM,08:34 PM,11,25,25,25,22,21,43,0.0,1017,25,10,302,14,leipzig
2021-08-14 19:00:00,27,20,0.0,14.5,5,40,12:56 PM,11:08 PM,05:55 AM,08:34 PM,11,24,24,23,19,20,47,0.0,1017,23,10,314,12,leipzig
2021-08-14 20:00:00,27,20,0.0,14.5,5,40,12:56 PM,11:08 PM,05:55 AM,08:34 PM,12,23,23,22,16,20,52,0.0,1018,22,10,325,9,leipzig
2021-08-14 21:00:00,27,20,0.0,14.5,5,40,12:56 PM,11:08 PM,05:55 AM,08:34 PM,12,21,22,21,14,19,57,0.0,1018,21,10,337,7,leipzig
2021-08-14 22:00:00,27,20,0.0,14.5,5,40,12:56 PM,11:08 PM,05:55 AM,08:34 PM,12,20,21,20,13,24,61,0.0,1018,20,10,320,7,leipzig
2021-08-14 23:00:00,27,20,0.0,14.5,5,40,12:56 PM,11:08 PM,05:55 AM,08:34 PM,12,19,20,19,13,29,65,0.0,1019,19,10,304,7,leipzig
2021-08-15 00:00:00,26,17,0.0,14.5,6,47,02:20 PM,11:32 PM,05:57 AM,08:32 PM,13,19,19,19,13,34,69,0.0,1019,19,10,287,6,leipzig
2021-08-15 01:00:00,26,17,0.0,14.5,6,47,02:20 PM,11:32 PM,05:57 AM,08:32 PM,13,18,18,18,12,32,71,0.0,1019,18,10,279,6,leipzig
2021-08-15 02:00:00,26,17,0.0,14.5,6,47,02:20 PM,11:32 PM,05:57 AM,08:32 PM,13,18,18,18,12,30,74,0.0,1019,18,10,271,6,leipzig
2021-08-15 03:00:00,26,17,0.0,14.5,6,47,02:20 PM,11:32 PM,05:57 AM,08:32 PM,13,17,17,17,12,28,76,0.0,1019,17,10,264,6,leipzig
2021-08-15 04:00:00,26,17,0.0,14.5,6,47,02:20 PM,11:32 PM,05:57 AM,08:32 PM,13,17,17,17,11,25,75,0.0,1019,17,10,264,6,leipzig
2021-08-15 05:00:00,26,17,0.0,14.5,6,47,02:20 PM,11:32 PM,05:57 AM,08:32 PM,13,18,18,18,10,21,75,0.0,1019,18,10,265,6,leipzig
2021-08-15 06:00:00,26,17,0.0,14.5,6,47,02:20 PM,11:32 PM,05:57 AM,08:32 PM,13,18,18,18,8,18,74,0.0,1019,18,10,265,5,leipzig
2021-08-15 07:00:00,26,17,0.0,14.5,6,47,02:20 PM,11:32 PM,05:57 AM,08:32 PM,13,19,20,19,9,19,69,0.0,1018,19,10,265,6,leipzig
2021-08-15 08:00:00,26,17,0.0,14.5,6,47,02:20 PM,11:32 PM,05:57 AM,08:32 PM,13,20,21,20,9,20,64,0.0,1018,20,10,264,7,leipzig
2021-08-15 09:00:00,26,17,0.0,14.5,6,47,02:20 PM,11:32 PM,05:57 AM,08:32 PM,13,22,23,22,9,21,60,0.0,1018,22,10,263,8,leipzig
2021-08-15 10:00:00,26,17,0.0,14.5,6,47,02:20 PM,11:32 PM,05:57 AM,08:32 PM,13,24,24,23,10,26,55,0.0,1017,23,10,265,9,leipzig
2021-08-15 11:00:00,26,17,0.0,14.5,6,47,02:20 PM,11:32 PM,05:57 AM,08:32 PM,13,25,25,24,11,30,51,0.0,1017,24,10,266,9,leipzig
2021-08-15 12:00:00,26,17,0.0,14.5,6,47,02:20 PM,11:32 PM,05:57 AM,08:32 PM,13,26,26,25,12,35,47,0.0,1017,25,10,268,10,leipzig
2021-08-15 13:00:00,26,17,0.0,14.5,6,47,02:20 PM,11:32 PM,05:57 AM,08:32 PM,13,26,26,25,12,29,46,0.0,1016,25,10,273,11,leipzig
2021-08-15 14:00:00,26,17,0.0,14.5,6,47,02:20 PM,11:32 PM,05:57 AM,08:32 PM,13,26,26,25,12,23,45,0.0,1016,25,10,277,11,leipzig
2021-08-15 15:00:00,26,17,0.0,14.5,6,47,02:20 PM,11:32 PM,05:57 AM,08:32 PM,13,26,26,26,13,18,44,0.0,1016,26,10,282,11,leipzig
2021-08-15 16:00:00,26,17,0.0,14.5,6,47,02:20 PM,11:32 PM,05:57 AM,08:32 PM,13,26,26,25,12,15,47,0.0,1015,25,10,289,10,leipzig
2021-08-15 17:00:00,26,17,0.0,14.5,6,47,02:20 PM,11:32 PM,05:57 AM,08:32 PM,13,26,26,25,11,12,50,0.0,1015,25,10,297,8,leipzig
2021-08-15 18:00:00,26,17,0.0,14.5,6,47,02:20 PM,11:32 PM,05:57 AM,08:32 PM,14,25,25,24,10,9,53,0.0,1015,24,10,304,7,leipzig
2021-08-15 19:00:00,26,17,0.0,14.5,6,47,02:20 PM,11:32 PM,05:57 AM,08:32 PM,14,24,24,23,10,19,55,0.0,1015,23,10,267,6,leipzig
2021-08-15 20:00:00,26,17,0.0,14.5,6,47,02:20 PM,11:32 PM,05:57 AM,08:32 PM,14,23,23,22,9,30,58,0.0,1015,22,10,230,6,leipzig
2021-08-15 21:00:00,26,17,0.0,14.5,6,47,02:20 PM,11:32 PM,05:57 AM,08:32 PM,14,22,22,22,9,40,60,0.0,1014,22,10,193,5,leipzig
2021-08-15 22:00:00,26,17,0.0,14.5,6,47,02:20 PM,11:32 PM,05:57 AM,08:32 PM,13,21,21,21,14,29,61,0.0,1013,21,10,199,7,leipzig
2021-08-15 23:00:00,26,17,0.0,14.5,6,47,02:20 PM,11:32 PM,05:57 AM,08:32 PM,13,20,20,20,19,18,63,0.0,1012,20,10,206,10,leipzig
2021-08-16 00:00:00,23,16,0.0,11.3,6,54,03:45 PM,No moonset,05:59 AM,08:30 PM,12,19,19,19,24,7,64,0.0,1011,19,10,212,12,leipzig
2021-08-16 01:00:00,23,16,0.0,11.3,6,54,03:45 PM,No moonset,05:59 AM,08:30 PM,12,19,19,19,24,8,66,0.0,1011,19,10,218,12,leipzig
2021-08-16 02:00:00,23,16,0.0,11.3,6,54,03:45 PM,No moonset,05:59 AM,08:30 PM,12,18,18,18,24,9,67,0.0,1010,18,10,225,12,leipzig
2021-08-16 03:00:00,23,16,0.0,11.3,6,54,03:45 PM,No moonset,05:59 AM,08:30 PM,12,18,18,18,24,11,69,0.0,1010,18,10,232,12,leipzig
2021-08-16 04:00:00,23,16,0.0,11.3,6,54,03:45 PM,No moonset,05:59 AM,08:30 PM,12,18,18,18,24,26,68,0.0,1010,18,10,235,13,leipzig
2021-08-16 05:00:00,23,16,0.0,11.3,6,54,03:45 PM,No moonset,05:59 AM,08:30 PM,12,18,18,18,24,41,68,0.0,1010,18,10,237,13,leipzig
2021-08-16 06:00:00,23,16,0.0,11.3,6,54,03:45 PM,No moonset,05:59 AM,08:30 PM,13,18,18,18,23,56,68,0.0,1010,18,10,240,14,leipzig
2021-08-16 07:00:00,23,16,0.0,11.3,6,54,03:45 PM,No moonset,05:59 AM,08:30 PM,12,19,20,19,26,62,64,0.0,1010,19,10,244,17,leipzig
2021-08-16 08:00:00,23,16,0.0,11.3,6,54,03:45 PM,No moonset,05:59 AM,08:30 PM,12,20,21,20,29,68,60,0.3,1010,20,10,248,21,leipzig
2021-08-16 09:00:00,23,16,0.0,11.3,6,54,03:45 PM,No moonset,05:59 AM,08:30 PM,12,21,23,21,32,74,56,0.4,1010,21,9,253,24,leipzig
2021-08-16 10:00:00,23,16,0.0,11.3,6,54,03:45 PM,No moonset,05:59 AM,08:30 PM,12,22,23,22,34,69,52,0.2,1010,22,9,256,26,leipzig
2021-08-16 11:00:00,23,16,0.0,11.3,6,54,03:45 PM,No moonset,05:59 AM,08:30 PM,11,24,24,23,35,63,48,0.1,1010,23,10,259,28,leipzig
2021-08-16 12:00:00,23,16,0.0,11.3,6,54,03:45 PM,No moonset,05:59 AM,08:30 PM,11,25,25,23,36,57,44,0.2,1010,23,10,262,30,leipzig
2021-08-16 13:00:00,23,16,0.0,11.3,6,54,03:45 PM,No moonset,05:59 AM,08:30 PM,10,25,25,23,36,59,45,0.1,1010,23,10,261,29,leipzig
2021-08-16 14:00:00,23,16,0.0,11.3,6,54,03:45 PM,No moonset,05:59 AM,08:30 PM,10,25,25,23,35,60,45,0.0,1010,23,10,260,28,leipzig
2021-08-16 15:00:00,23,16,0.0,11.3,6,54,03:45 PM,No moonset,05:59 AM,08:30 PM,10,25,25,23,35,61,46,0.0,1010,23,10,259,27,leipzig
2021-08-16 16:00:00,23,16,0.0,11.3,6,54,03:45 PM,No moonset,05:59 AM,08:30 PM,11,22,23,22,35,71,50,0.0,1011,22,10,261,26,leipzig
2021-08-16 17:00:00,23,16,0.0,11.3,6,54,03:45 PM,No moonset,05:59 AM,08:30 PM,11,21,22,21,36,80,53,0.0,1011,21,10,264,25,leipzig
2021-08-16 18:00:00,23,16,0.0,11.3,6,54,03:45 PM,No moonset,05:59 AM,08:30 PM,11,20,21,20,36,89,57,0.0,1011,20,10,267,24,leipzig
2021-08-16 19:00:00,23,16,0.0,11.3,6,54,03:45 PM,No moonset,05:59 AM,08:30 PM,11,18,19,18,34,93,63,0.0,1012,19,10,279,23,leipzig
2021-08-16 20:00:00,23,16,0.0,11.3,6,54,03:45 PM,No moonset,05:59 AM,08:30 PM,11,17,18,17,32,96,69,0.2,1013,17,10,290,21,leipzig
2021-08-16 21:00:00,23,16,0.0,11.3,6,54,03:45 PM,No moonset,05:59 AM,08:30 PM,12,15,16,15,30,100,75,0.2,1014,16,9,301,20,leipzig
2021-08-16 22:00:00,23,16,0.0,11.3,6,54,03:45 PM,No moonset,05:59 AM,08:30 PM,11,14,15,14,27,98,76,0.1,1014,15,9,284,18,leipzig
2021-08-16 23:00:00,23,16,0.0,11.3,6,54,03:45 PM,No moonset,05:59 AM,08:30 PM,11,13,14,13,25,97,78,0.0,1014,14,8,266,17,leipzig
2021-08-17 00:00:00,19,13,0.0,11.2,4,61,05:06 PM,12:02 AM,06:00 AM,08:28 PM,10,12,14,12,22,95,79,0.0,1013,14,7,249,15,leipzig
2021-08-17 01:00:00,19,13,0.0,11.2,4,61,05:06 PM,12:02 AM,06:00 AM,08:28 PM,10,12,13,12,25,81,79,0.0,1013,13,8,250,16,leipzig
2021-08-17 02:00:00,19,13,0.0,11.2,4,61,05:06 PM,12:02 AM,06:00 AM,08:28 PM,10,12,13,12,28,66,79,0.0,1013,13,9,252,18,leipzig
2021-08-17 03:00:00,19,13,0.0,11.2,4,61,05:06 PM,12:02 AM,06:00 AM,08:28 PM,10,11,13,11,31,52,79,0.0,1013,13,10,253,20,leipzig
2021-08-17 04:00:00,19,13,0.0,11.2,4,61,05:06 PM,12:02 AM,06:00 AM,08:28 PM,9,11,13,11,33,39,78,0.0,1013,13,10,256,22,leipzig
2021-08-17 05:00:00,19,13,0.0,11.2,4,61,05:06 PM,12:02 AM,06:00 AM,08:28 PM,9,11,13,11,35,26,77,0.0,1013,13,10,259,24,leipzig
2021-08-17 06:00:00,19,13,0.0,11.2,4,61,05:06 PM,12:02 AM,06:00 AM,08:28 PM,9,11,13,11,36,13,76,0.0,1013,13,10,262,26,leipzig
2021-08-17 07:00:00,19,13,0.0,11.2,4,61,05:06 PM,12:02 AM,06:00 AM,08:28 PM,9,13,14,13,36,25,70,0.0,1013,14,10,265,27,leipzig
2021-08-17 08:00:00,19,13,0.0,11.2,4,61,05:06 PM,12:02 AM,06:00 AM,08:28 PM,9,14,15,14,35,36,65,0.0,1013,15,10,267,28,leipzig
2021-08-17 09:00:00,19,13,0.0,11.2,4,61,05:06 PM,12:02 AM,06:00 AM,08:28 PM,8,16,16,16,35,47,60,0.0,1013,16,10,270,28,leipzig
2021-08-17 10:00:00,19,13,0.0,11.2,4,61,05:06 PM,12:02 AM,06:00 AM,08:28 PM,8,17,17,17,34,61,56,0.0,1013,17,10,270,28,leipzig
2021-08-17 11:00:00,19,13,0.0,11.2,4,61,05:06 PM,12:02 AM,06:00 AM,08:28 PM,8,18,18,18,34,75,53,0.0,1014,18,10,269,28,leipzig
2021-08-17 12:00:00,19,13,0.0,11.2,4,61,05:06 PM,12:02 AM,06:00 AM,08:28 PM,8,19,19,19,34,88,50,0.0,1014,19,10,269,28,leipzig
2021-08-17 13:00:00,19,13,0.0,11.2,4,61,05:06 PM,12:02 AM,06:00 AM,08:28 PM,8,19,19,19,34,83,50,0.0,1014,19,10,268,27,leipzig
2021-08-17 14:00:00,19,13,0.0,11.2,4,61,05:06 PM,12:02 AM,06:00 AM,08:28 PM,8,19,19,19,34,78,51,0.0,1014,19,10,268,26,leipzig
2021-08-17 15:00:00,19,13,0.0,11.2,4,61,05:06 PM,12:02 AM,06:00 AM,08:28 PM,9,19,19,19,33,72,51,0.0,1014,19,10,268,25,leipzig
2021-08-17 16:00:00,19,13,0.0,11.2,4,61,05:06 PM,12:02 AM,06:00 AM,08:28 PM,9,19,19,19,33,69,53,0.0,1014,19,10,269,24,leipzig
2021-08-17 17:00:00,19,13,0.0,11.2,4,61,05:06 PM,12:02 AM,06:00 AM,08:28 PM,9,18,18,18,33,65,55,0.0,1014,18,10,271,22,leipzig
2021-08-17 18:00:00,19,13,0.0,11.2,4,61,05:06 PM,12:02 AM,06:00 AM,08:28 PM,9,18,18,18,33,61,57,0.0,1015,18,10,272,21,leipzig
2021-08-17 19:00:00,19,13,0.0,11.2,4,61,05:06 PM,12:02 AM,06:00 AM,08:28 PM,9,17,17,17,32,51,61,0.0,1015,17,10,269,20,leipzig
2021-08-17 20:00:00,19,13,0.0,11.2,4,61,05:06 PM,12:02 AM,06:00 AM,08:28 PM,9,15,16,15,31,42,65,0.0,1016,16,10,266,18,leipzig
2021-08-17 21:00:00,19,13,0.0,11.2,4,61,05:06 PM,12:02 AM,06:00 AM,08:28 PM,9,14,15,14,30,32,70,0.0,1016,15,10,264,16,leipzig
2021-08-17 22:00:00,19,13,0.0,11.2,4,61,05:06 PM,12:02 AM,06:00 AM,08:28 PM,9,13,14,13,32,35,71,0.0,1016,14,10,258,18,leipzig
2021-08-17 23:00:00,19,13,0.0,11.2,4,61,05:06 PM,12:02 AM,06:00 AM,08:28 PM,9,12,14,12,34,38,72,0.0,1015,14,10,253,20,leipzig
2021-08-18 00:00:00,20,11,0.0,8.2,4,69,06:18 PM,12:42 AM,06:02 AM,08:26 PM,8,11,13,11,36,41,73,0.0,1015,13,10,248,22,leipzig
2021-08-18 01:00:00,20,11,0.0,8.2,4,69,06:18 PM,12:42 AM,06:02 AM,08:26 PM,8,10,13,10,36,32,76,0.0,1015,13,10,248,22,leipzig
2021-08-18 02:00:00,20,11,0.0,8.2,4,69,06:18 PM,12:42 AM,06:02 AM,08:26 PM,8,10,12,10,36,23,79,0.0,1015,12,10,248,21,leipzig
2021-08-18 03:00:00,20,11,0.0,8.2,4,69,06:18 PM,12:42 AM,06:02 AM,08:26 PM,8,9,11,9,35,14,82,0.0,1015,11,10,248,21,leipzig
2021-08-18 04:00:00,20,11,0.0,8.2,4,69,06:18 PM,12:42 AM,06:02 AM,08:26 PM,8,10,12,10,34,13,80,0.0,1015,12,10,249,21,leipzig
2021-08-18 05:00:00,20,11,0.0,8.2,4,69,06:18 PM,12:42 AM,06:02 AM,08:26 PM,9,10,12,10,33,11,79,0.0,1015,12,10,250,22,leipzig
2021-08-18 06:00:00,20,11,0.0,8.2,4,69,06:18 PM,12:42 AM,06:02 AM,08:26 PM,9,11,13,11,32,10,78,0.0,1015,13,10,252,22,leipzig
2021-08-18 07:00:00,20,11,0.0,8.2,4,69,06:18 PM,12:42 AM,06:02 AM,08:26 PM,9,13,14,13,31,26,72,0.0,1015,14,10,256,23,leipzig
2021-08-18 08:00:00,20,11,0.0,8.2,4,69,06:18 PM,12:42 AM,06:02 AM,08:26 PM,9,14,15,14,30,42,67,0.0,1015,15,10,260,23,leipzig
2021-08-18 09:00:00,20,11,0.0,8.2,4,69,06:18 PM,12:42 AM,06:02 AM,08:26 PM,9,16,17,16,30,57,61,0.0,1015,17,10,264,24,leipzig
2021-08-18 10:00:00,20,11,0.0,8.2,4,69,06:18 PM,12:42 AM,06:02 AM,08:26 PM,9,17,17,17,30,61,60,0.0,1015,17,10,262,24,leipzig
2021-08-18 11:00:00,20,11,0.0,8.2,4,69,06:18 PM,12:42 AM,06:02 AM,08:26 PM,10,18,18,18,30,64,59,0.0,1015,18,10,260,25,leipzig
2021-08-18 12:00:00,20,11,0.0,8.2,4,69,06:18 PM,12:42 AM,06:02 AM,08:26 PM,10,18,18,18,31,68,58,0.0,1015,18,10,258,25,leipzig
2021-08-18 13:00:00,20,11,0.0,8.2,4,69,06:18 PM,12:42 AM,06:02 AM,08:26 PM,10,19,19,19,31,70,58,0.0,1015,19,10,258,25,leipzig
2021-08-18 14:00:00,20,11,0.0,8.2,4,69,06:18 PM,12:42 AM,06:02 AM,08:26 PM,11,19,19,19,32,71,58,0.0,1014,19,10,259,25,leipzig
2021-08-18 15:00:00,20,11,0.0,8.2,4,69,06:18 PM,12:42 AM,06:02 AM,08:26 PM,11,20,20,20,32,73,58,0.0,1014,20,10,259,26,leipzig
2021-08-18 16:00:00,20,11,0.0,8.2,4,69,06:18 PM,12:42 AM,06:02 AM,08:26 PM,11,19,19,19,32,71,59,0.0,1014,19,10,260,24,leipzig
2021-08-18 17:00:00,20,11,0.0,8.2,4,69,06:18 PM,12:42 AM,06:02 AM,08:26 PM,11,19,19,19,32,70,60,0.1,1014,19,10,261,23,leipzig
2021-08-18 18:00:00,20,11,0.0,8.2,4,69,06:18 PM,12:42 AM,06:02 AM,08:26 PM,11,19,19,19,31,68,62,0.1,1014,19,10,262,21,leipzig
2021-08-18 19:00:00,20,11,0.0,8.2,4,69,06:18 PM,12:42 AM,06:02 AM,08:26 PM,11,18,18,18,30,67,65,0.0,1014,18,10,257,19,leipzig
2021-08-18 20:00:00,20,11,0.0,8.2,4,69,06:18 PM,12:42 AM,06:02 AM,08:26 PM,11,17,17,17,29,66,69,0.0,1014,17,10,253,17,leipzig
2021-08-18 21:00:00,20,11,0.0,8.2,4,69,06:18 PM,12:42 AM,06:02 AM,08:26 PM,11,16,16,16,27,65,73,0.0,1015,16,10,248,15,leipzig
2021-08-18 22:00:00,20,11,0.0,8.2,4,69,06:18 PM,12:42 AM,06:02 AM,08:26 PM,12,15,15,15,28,64,78,0.0,1014,15,10,244,15,leipzig
2021-08-18 23:00:00,20,11,0.0,8.2,4,69,06:18 PM,12:42 AM,06:02 AM,08:26 PM,12,14,15,14,28,63,83,0.0,1014,15,10,239,15,leipzig
2021-08-19 00:00:00,21,14,0.0,7.1,4,76,07:16 PM,01:38 AM,06:03 AM,08:24 PM,13,14,14,14,29,63,89,0.0,1013,14,10,235,14,leipzig
2021-08-19 01:00:00,21,14,0.0,7.1,4,76,07:16 PM,01:38 AM,06:03 AM,08:24 PM,12,13,14,13,29,67,89,0.0,1013,14,10,234,15,leipzig
2021-08-19 02:00:00,21,14,0.0,7.1,4,76,07:16 PM,01:38 AM,06:03 AM,08:24 PM,12,13,14,13,29,71,90,0.0,1013,14,10,233,16,leipzig
2021-08-19 03:00:00,21,14,0.0,7.1,4,76,07:16 PM,01:38 AM,06:03 AM,08:24 PM,12,13,14,13,29,75,91,0.0,1013,14,10,233,16,leipzig
2021-08-19 04:00:00,21,14,0.0,7.1,4,76,07:16 PM,01:38 AM,06:03 AM,08:24 PM,12,13,14,13,29,78,89,0.0,1013,14,10,233,17,leipzig
2021-08-19 05:00:00,21,14,0.0,7.1,4,76,07:16 PM,01:38 AM,06:03 AM,08:24 PM,12,14,14,14,29,81,86,0.0,1013,14,10,233,18,leipzig
2021-08-19 06:00:00,21,14,0.0,7.1,4,76,07:16 PM,01:38 AM,06:03 AM,08:24 PM,12,14,15,14,28,84,84,0.0,1013,15,10,234,19,leipzig
2021-08-19 07:00:00,21,14,0.0,7.1,4,76,07:16 PM,01:38 AM,06:03 AM,08:24 PM,12,16,16,16,29,83,77,0.0,1013,16,10,239,21,leipzig
2021-08-19 08:00:00,21,14,0.0,7.1,4,76,07:16 PM,01:38 AM,06:03 AM,08:24 PM,11,17,17,17,29,82,71,0.0,1013,17,10,245,23,leipzig
2021-08-19 09:00:00,21,14,0.0,7.1,4,76,07:16 PM,01:38 AM,06:03 AM,08:24 PM,11,18,18,18,30,81,64,0.0,1013,18,10,250,24,leipzig
2021-08-19 10:00:00,21,14,0.0,7.1,4,76,07:16 PM,01:38 AM,06:03 AM,08:24 PM,11,19,19,19,30,82,61,0.0,1013,19,10,254,25,leipzig
2021-08-19 11:00:00,21,14,0.0,7.1,4,76,07:16 PM,01:38 AM,06:03 AM,08:24 PM,11,19,19,19,31,83,58,0.0,1013,19,10,257,25,leipzig
2021-08-19 12:00:00,21,14,0.0,7.1,4,76,07:16 PM,01:38 AM,06:03 AM,08:24 PM,11,20,20,20,31,84,55,0.0,1013,20,10,261,26,leipzig
2021-08-19 13:00:00,21,14,0.0,7.1,4,76,07:16 PM,01:38 AM,06:03 AM,08:24 PM,11,20,20,20,29,87,54,0.0,1013,20,10,262,24,leipzig
2021-08-19 14:00:00,21,14,0.0,7.1,4,76,07:16 PM,01:38 AM,06:03 AM,08:24 PM,11,20,20,20,28,91,54,0.0,1013,20,10,262,22,leipzig
2021-08-19 15:00:00,21,14,0.0,7.1,4,76,07:16 PM,01:38 AM,06:03 AM,08:24 PM,11,21,21,21,26,95,53,0.0,1014,21,10,263,21,leipzig
2021-08-19 16:00:00,21,14,0.0,7.1,4,76,07:16 PM,01:38 AM,06:03 AM,08:24 PM,11,20,20,20,25,97,56,0.0,1014,20,10,263,19,leipzig
2021-08-19 17:00:00,21,14,0.0,7.1,4,76,07:16 PM,01:38 AM,06:03 AM,08:24 PM,11,20,20,20,23,98,59,0.0,1014,20,10,264,17,leipzig
2021-08-19 18:00:00,21,14,0.0,7.1,4,76,07:16 PM,01:38 AM,06:03 AM,08:24 PM,12,19,19,19,22,100,62,0.0,1014,19,10,264,15,leipzig
2021-08-19 19:00:00,21,14,0.0,7.1,4,76,07:16 PM,01:38 AM,06:03 AM,08:24 PM,12,19,19,19,20,100,64,0.0,1014,19,10,261,13,leipzig
2021-08-19 20:00:00,21,14,0.0,7.1,4,76,07:16 PM,01:38 AM,06:03 AM,08:24 PM,12,18,18,18,19,100,66,0.0,1014,18,10,257,12,leipzig
2021-08-19 21:00:00,21,14,0.0,7.1,4,76,07:16 PM,01:38 AM,06:03 AM,08:24 PM,12,18,18,18,17,100,69,0.0,1015,18,10,254,11,leipzig
2021-08-19 22:00:00,21,14,0.0,7.1,4,76,07:16 PM,01:38 AM,06:03 AM,08:24 PM,12,18,18,18,16,92,70,0.0,1015,18,10,248,10,leipzig
2021-08-19 23:00:00,21,14,0.0,7.1,4,76,07:16 PM,01:38 AM,06:03 AM,08:24 PM,12,17,17,17,15,84,72,0.0,1015,17,10,242,10,leipzig
2021-08-20 00:00:00,22,17,0.0,10.5,4,83,07:58 PM,02:46 AM,06:05 AM,08:22 PM,12,17,17,17,14,76,74,0.0,1015,17,10,236,9,leipzig
2021-08-20 01:00:00,22,17,0.0,10.5,4,83,07:58 PM,02:46 AM,06:05 AM,08:22 PM,12,17,17,17,15,71,74,0.0,1015,17,10,234,9,leipzig
2021-08-20 02:00:00,22,17,0.0,10.5,4,83,07:58 PM,02:46 AM,06:05 AM,08:22 PM,12,17,17,17,15,66,75,0.0,1015,17,10,232,9,leipzig
2021-08-20 03:00:00,22,17,0.0,10.5,4,83,07:58 PM,02:46 AM,06:05 AM,08:22 PM,12,17,17,17,15,61,75,0.0,1015,17,10,231,9,leipzig
2021-08-20 04:00:00,22,17,0.0,10.5,4,83,07:58 PM,02:46 AM,06:05 AM,08:22 PM,12,17,17,17,14,65,75,0.0,1015,17,10,233,9,leipzig
2021-08-20 05:00:00,22,17,0.0,10.5,4,83,07:58 PM,02:46 AM,06:05 AM,08:22 PM,12,17,17,17,14,68,76,0.0,1015,17,10,235,9,leipzig
2021-08-20 06:00:00,22,17,0.0,10.5,4,83,07:58 PM,02:46 AM,06:05 AM,08:22 PM,13,17,17,17,13,72,76,0.0,1015,17,10,237,8,leipzig
2021-08-20 07:00:00,22,17,0.0,10.5,4,83,07:58 PM,02:46 AM,06:05 AM,08:22 PM,12,17,17,17,13,68,74,0.0,1016,17,10,239,8,leipzig
2021-08-20 08:00:00,22,17,0.0,10.5,4,83,07:58 PM,02:46 AM,06:05 AM,08:22 PM,12,18,18,18,12,65,71,0.1,1016,18,10,242,8,leipzig
2021-08-20 09:00:00,22,17,0.0,10.5,4,83,07:58 PM,02:46 AM,06:05 AM,08:22 PM,12,18,18,18,12,62,69,0.1,1016,18,10,244,8,leipzig
2021-08-20 10:00:00,22,17,0.0,10.5,4,83,07:58 PM,02:46 AM,06:05 AM,08:22 PM,12,19,20,19,12,60,63,0.0,1016,19,10,252,9,leipzig
2021-08-20 11:00:00,22,17,0.0,10.5,4,83,07:58 PM,02:46 AM,06:05 AM,08:22 PM,12,21,21,21,12,59,58,0.0,1016,21,10,260,10,leipzig
2021-08-20 12:00:00,22,17,0.0,10.5,4,83,07:58 PM,02:46 AM,06:05 AM,08:22 PM,11,22,23,22,13,57,52,0.0,1016,22,10,268,11,leipzig
2021-08-20 13:00:00,22,17,0.0,10.5,4,83,07:58 PM,02:46 AM,06:05 AM,08:22 PM,11,22,23,22,13,55,51,0.0,1016,22,10,281,10,leipzig
2021-08-20 14:00:00,22,17,0.0,10.5,4,83,07:58 PM,02:46 AM,06:05 AM,08:22 PM,11,24,24,22,12,53,50,0.0,1016,22,10,294,10,leipzig
2021-08-20 15:00:00,22,17,0.0,10.5,4,83,07:58 PM,02:46 AM,06:05 AM,08:22 PM,11,25,25,22,12,51,50,0.0,1016,22,10,306,10,leipzig
2021-08-20 16:00:00,22,17,0.0,10.5,4,83,07:58 PM,02:46 AM,06:05 AM,08:22 PM,11,22,24,22,12,46,51,0.0,1017,22,10,306,9,leipzig
2021-08-20 17:00:00,22,17,0.0,10.5,4,83,07:58 PM,02:46 AM,06:05 AM,08:22 PM,11,21,23,21,11,41,53,0.0,1017,21,10,306,8,leipzig
2021-08-20 18:00:00,22,17,0.0,10.5,4,83,07:58 PM,02:46 AM,06:05 AM,08:22 PM,12,21,22,21,10,36,55,0.0,1017,21,10,306,6,leipzig
2021-08-20 19:00:00,22,17,0.0,10.5,4,83,07:58 PM,02:46 AM,06:05 AM,08:22 PM,11,20,21,20,10,36,57,0.0,1018,20,10,290,6,leipzig
2021-08-20 20:00:00,22,17,0.0,10.5,4,83,07:58 PM,02:46 AM,06:05 AM,08:22 PM,11,19,20,19,9,36,58,0.0,1018,19,10,275,5,leipzig
2021-08-20 21:00:00,22,17,0.0,10.5,4,83,07:58 PM,02:46 AM,06:05 AM,08:22 PM,11,19,19,19,8,36,60,0.0,1018,19,10,259,4,leipzig
2021-08-20 22:00:00,22,17,0.0,10.5,4,83,07:58 PM,02:46 AM,06:05 AM,08:22 PM,11,18,18,18,8,36,66,0.0,1019,18,10,253,4,leipzig
2021-08-20 23:00:00,22,17,0.0,10.5,4,83,07:58 PM,02:46 AM,06:05 AM,08:22 PM,12,17,17,17,9,36,71,0.0,1019,17,10,246,4,leipzig
2021-08-21 00:00:00,27,15,0.0,11.6,6,91,08:29 PM,04:05 AM,06:06 AM,08:20 PM,13,17,17,17,9,36,77,0.0,1019,17,10,240,5,leipzig
2021-08-21 01:00:00,27,15,0.0,11.6,6,91,08:29 PM,04:05 AM,06:06 AM,08:20 PM,12,16,16,16,10,40,78,0.0,1019,16,10,226,5,leipzig
2021-08-21 02:00:00,27,15,0.0,11.6,6,91,08:29 PM,04:05 AM,06:06 AM,08:20 PM,12,16,16,16,11,44,79,0.0,1019,16,10,211,5,leipzig
2021-08-21 03:00:00,27,15,0.0,11.6,6,91,08:29 PM,04:05 AM,06:06 AM,08:20 PM,12,15,15,15,12,47,81,0.0,1019,15,10,197,6,leipzig
2021-08-21 04:00:00,27,15,0.0,11.6,6,91,08:29 PM,04:05 AM,06:06 AM,08:20 PM,12,16,16,16,11,40,78,0.0,1019,16,10,199,6,leipzig
2021-08-21 05:00:00,27,15,0.0,11.6,6,91,08:29 PM,04:05 AM,06:06 AM,08:20 PM,12,16,16,16,10,34,76,0.0,1019,16,10,202,6,leipzig
2021-08-21 06:00:00,27,15,0.0,11.6,6,91,08:29 PM,04:05 AM,06:06 AM,08:20 PM,12,17,17,17,9,27,73,0.0,1019,17,10,205,6,leipzig
2021-08-21 07:00:00,27,15,0.0,11.6,6,91,08:29 PM,04:05 AM,06:06 AM,08:20 PM,12,18,19,18,9,23,68,0.0,1019,18,10,213,6,leipzig
2021-08-21 08:00:00,27,15,0.0,11.6,6,91,08:29 PM,04:05 AM,06:06 AM,08:20 PM,12,20,20,20,8,19,62,0.0,1019,20,10,220,6,leipzig
2021-08-21 09:00:00,27,15,0.0,11.6,6,91,08:29 PM,04:05 AM,06:06 AM,08:20 PM,12,21,22,21,8,15,57,0.0,1019,21,10,227,6,leipzig
2021-08-21 10:00:00,27,15,0.0,11.6,6,91,08:29 PM,04:05 AM,06:06 AM,08:20 PM,12,23,23,22,8,19,53,0.0,1019,22,10,234,7,leipzig
2021-08-21 11:00:00,27,15,0.0,11.6,6,91,08:29 PM,04:05 AM,06:06 AM,08:20 PM,12,24,24,23,9,24,48,0.0,1019,23,10,240,7,leipzig
2021-08-21 12:00:00,27,15,0.0,11.6,6,91,08:29 PM,04:05 AM,06:06 AM,08:20 PM,12,25,25,25,9,28,44,0.0,1019,25,10,247,8,leipzig
2021-08-21 13:00:00,27,15,0.0,11.6,6,91,08:29 PM,04:05 AM,06:06 AM,08:20 PM,11,26,26,25,9,32,42,0.0,1018,25,10,250,8,leipzig
2021-08-21 14:00:00,27,15,0.0,11.6,6,91,08:29 PM,04:05 AM,06:06 AM,08:20 PM,11,26,26,26,9,35,40,0.0,1018,26,10,254,8,leipzig
2021-08-21 15:00:00,27,15,0.0,11.6,6,91,08:29 PM,04:05 AM,06:06 AM,08:20 PM,11,26,26,27,9,39,38,0.0,1018,27,10,257,8,leipzig
2021-08-21 16:00:00,27,15,0.0,11.6,6,91,08:29 PM,04:05 AM,06:06 AM,08:20 PM,11,26,26,26,9,35,41,0.0,1018,26,10,279,7,leipzig
2021-08-21 17:00:00,27,15,0.0,11.6,6,91,08:29 PM,04:05 AM,06:06 AM,08:20 PM,12,26,26,25,9,31,43,0.0,1018,25,10,301,6,leipzig
2021-08-21 18:00:00,27,15,0.0,11.6,6,91,08:29 PM,04:05 AM,06:06 AM,08:20 PM,12,26,26,25,9,27,45,0.0,1017,25,10,322,6,leipzig
2021-08-21 19:00:00,27,15,0.0,11.6,6,91,08:29 PM,04:05 AM,06:06 AM,08:20 PM,12,24,24,23,14,27,49,0.0,1018,23,10,274,8,leipzig
2021-08-21 20:00:00,27,15,0.0,11.6,6,91,08:29 PM,04:05 AM,06:06 AM,08:20 PM,12,23,23,22,18,26,53,0.0,1018,22,10,226,9,leipzig
2021-08-21 21:00:00,27,15,0.0,11.6,6,91,08:29 PM,04:05 AM,06:06 AM,08:20 PM,12,21,21,21,22,26,58,0.0,1018,21,10,178,11,leipzig
2021-08-21 22:00:00,27,15,0.0,11.6,6,91,08:29 PM,04:05 AM,06:06 AM,08:20 PM,12,20,20,20,22,21,61,0.0,1017,20,10,166,11,leipzig
2021-08-21 23:00:00,27,15,0.0,11.6,6,91,08:29 PM,04:05 AM,06:06 AM,08:20 PM,12,19,19,19,22,16,65,0.0,1017,19,10,154,11,leipzig
2021-08-22 00:00:00,24,16,0.0,8.2,6,98,08:53 PM,05:27 AM,06:08 AM,08:18 PM,13,18,18,18,22,10,69,0.0,1017,18,10,141,11,leipzig
2021-08-22 01:00:00,24,16,0.0,8.2,6,98,08:53 PM,05:27 AM,06:08 AM,08:18 PM,12,18,18,18,22,11,70,0.0,1017,18,10,147,11,leipzig
2021-08-22 02:00:00,24,16,0.0,8.2,6,98,08:53 PM,05:27 AM,06:08 AM,08:18 PM,12,18,18,18,21,11,70,0.0,1016,18,10,154,10,leipzig
2021-08-22 03:00:00,24,16,0.0,8.2,6,98,08:53 PM,05:27 AM,06:08 AM,08:18 PM,12,18,18,18,21,11,70,0.0,1016,18,10,160,10,leipzig
2021-08-22 04:00:00,24,16,0.0,8.2,6,98,08:53 PM,05:27 AM,06:08 AM,08:18 PM,13,18,18,18,20,27,70,0.0,1016,18,10,169,10,leipzig
2021-08-22 05:00:00,24,16,0.0,8.2,6,98,08:53 PM,05:27 AM,06:08 AM,08:18 PM,13,18,18,18,19,43,71,0.0,1016,18,10,178,10,leipzig
2021-08-22 06:00:00,24,16,0.0,8.2,6,98,08:53 PM,05:27 AM,06:08 AM,08:18 PM,13,18,18,18,18,60,72,0.0,1016,18,9,187,10,leipzig
2021-08-22 07:00:00,24,16,0.0,8.2,6,98,08:53 PM,05:27 AM,06:08 AM,08:18 PM,14,19,20,19,18,66,71,0.0,1016,19,9,189,11,leipzig
2021-08-22 08:00:00,24,16,0.0,8.2,6,98,08:53 PM,05:27 AM,06:08 AM,08:18 PM,14,20,21,20,17,73,70,0.1,1016,20,9,192,11,leipzig
2021-08-22 09:00:00,24,16,0.0,8.2,6,98,08:53 PM,05:27 AM,06:08 AM,08:18 PM,15,21,23,21,16,79,69,0.2,1016,21,9,194,11,leipzig
2021-08-22 10:00:00,24,16,0.0,8.2,6,98,08:53 PM,05:27 AM,06:08 AM,08:18 PM,15,22,24,22,17,72,65,0.1,1015,22,9,208,12,leipzig
2021-08-22 11:00:00,24,16,0.0,8.2,6,98,08:53 PM,05:27 AM,06:08 AM,08:18 PM,15,24,24,23,17,66,61,0.1,1015,23,9,221,14,leipzig
2021-08-22 12:00:00,24,16,0.0,8.2,6,98,08:53 PM,05:27 AM,06:08 AM,08:18 PM,15,25,25,24,18,59,57,0.1,1015,24,10,235,15,leipzig
2021-08-22 13:00:00,24,16,0.0,8.2,6,98,08:53 PM,05:27 AM,06:08 AM,08:18 PM,15,24,24,23,22,67,61,0.0,1015,23,9,249,16,leipzig
2021-08-22 14:00:00,24,16,0.0,8.2,6,98,08:53 PM,05:27 AM,06:08 AM,08:18 PM,15,23,23,22,25,75,66,0.8,1015,22,9,262,18,leipzig
2021-08-22 15:00:00,24,16,0.0,8.2,6,98,08:53 PM,05:27 AM,06:08 AM,08:18 PM,16,22,22,22,29,83,70,1.1,1015,22,8,276,19,leipzig
2021-08-22 16:00:00,24,16,0.0,8.2,6,98,08:53 PM,05:27 AM,06:08 AM,08:18 PM,16,21,21,21,26,76,76,0.6,1015,21,8,282,17,leipzig
2021-08-22 17:00:00,24,16,0.0,8.2,6,98,08:53 PM,05:27 AM,06:08 AM,08:18 PM,16,19,19,19,23,69,81,0.4,1015,19,9,287,15,leipzig
2021-08-22 18:00:00,24,16,0.0,8.2,6,98,08:53 PM,05:27 AM,06:08 AM,08:18 PM,16,18,18,18,20,62,87,0.6,1016,18,9,292,13,leipzig
2021-08-22 19:00:00,24,16,0.0,8.2,6,98,08:53 PM,05:27 AM,06:08 AM,08:18 PM,16,18,18,18,18,54,89,0.3,1016,18,8,280,11,leipzig
2021-08-22 20:00:00,24,16,0.0,8.2,6,98,08:53 PM,05:27 AM,06:08 AM,08:18 PM,16,17,17,17,16,47,91,0.0,1016,17,6,267,10,leipzig
2021-08-22 21:00:00,24,16,0.0,8.2,6,98,08:53 PM,05:27 AM,06:08 AM,08:18 PM,15,16,16,16,15,40,94,0.0,1017,16,5,255,9,leipzig
2021-08-22 22:00:00,24,16,0.0,8.2,6,98,08:53 PM,05:27 AM,06:08 AM,08:18 PM,15,16,16,16,17,39,93,0.0,1017,16,6,247,10,leipzig
2021-08-22 23:00:00,24,16,0.0,8.2,6,98,08:53 PM,05:27 AM,06:08 AM,08:18 PM,15,15,16,15,19,38,93,0.0,1017,16,8,239,11,leipzig
2021-08-23 00:00:00,21,14,0.0,8.2,4,100,09:12 PM,06:47 AM,06:09 AM,08:16 PM,14,15,15,15,21,38,93,0.0,1017,15,10,231,12,leipzig
2021-08-23 01:00:00,21,14,0.0,8.2,4,100,09:12 PM,06:47 AM,06:09 AM,08:16 PM,14,14,15,14,21,32,93,0.0,1017,15,10,227,11,leipzig
2021-08-23 02:00:00,21,14,0.0,8.2,4,100,09:12 PM,06:47 AM,06:09 AM,08:16 PM,14,14,15,14,21,27,93,0.0,1017,15,10,223,11,leipzig
2021-08-23 03:00:00,21,14,0.0,8.2,4,100,09:12 PM,06:47 AM,06:09 AM,08:16 PM,13,14,14,14,21,22,93,0.0,1017,14,10,219,11,leipzig
2021-08-23 04:00:00,21,14,0.0,8.2,4,100,09:12 PM,06:47 AM,06:09 AM,08:16 PM,13,14,15,14,20,20,92,0.0,1017,15,10,223,11,leipzig
2021-08-23 05:00:00,21,14,0.0,8.2,4,100,09:12 PM,06:47 AM,06:09 AM,08:16 PM,13,15,15,15,19,19,90,0.0,1017,15,10,227,12,leipzig
2021-08-23 06:00:00,21,14,0.0,8.2,4,100,09:12 PM,06:47 AM,06:09 AM,08:16 PM,13,15,15,15,18,18,88,0.0,1018,15,10,231,12,leipzig
2021-08-23 07:00:00,21,14,0.0,8.2,4,100,09:12 PM,06:47 AM,06:09 AM,08:16 PM,13,16,16,16,17,32,83,0.0,1018,16,10,238,11,leipzig
2021-08-23 08:00:00,21,14,0.0,8.2,4,100,09:12 PM,06:47 AM,06:09 AM,08:16 PM,13,17,17,17,15,46,78,0.0,1018,17,10,245,11,leipzig
2021-08-23 09:00:00,21,14,0.0,8.2,4,100,09:12 PM,06:47 AM,06:09 AM,08:16 PM,14,18,18,18,13,60,74,0.0,1018,18,10,252,10,leipzig
2021-08-23 10:00:00,21,14,0.0,8.2,4,100,09:12 PM,06:47 AM,06:09 AM,08:16 PM,13,19,19,19,13,61,70,0.0,1018,19,10,273,10,leipzig
2021-08-23 11:00:00,21,14,0.0,8.2,4,100,09:12 PM,06:47 AM,06:09 AM,08:16 PM,13,20,20,20,12,62,67,0.1,1018,20,10,295,10,leipzig
2021-08-23 12:00:00,21,14,0.0,8.2,4,100,09:12 PM,06:47 AM,06:09 AM,08:16 PM,13,21,21,21,12,63,64,0.1,1018,21,10,316,10,leipzig
2021-08-23 13:00:00,21,14,0.0,8.2,4,100,09:12 PM,06:47 AM,06:09 AM,08:16 PM,14,20,20,20,15,68,66,0.1,1018,20,10,255,12,leipzig
2021-08-23 14:00:00,21,14,0.0,8.2,4,100,09:12 PM,06:47 AM,06:09 AM,08:16 PM,14,20,20,20,19,73,68,0.3,1018,20,10,194,15,leipzig
2021-08-23 15:00:00,21,14,0.0,8.2,4,100,09:12 PM,06:47 AM,06:09 AM,08:16 PM,14,20,20,20,23,78,70,0.4,1019,20,10,133,17,leipzig
2021-08-23 16:00:00,21,14,0.0,8.2,4,100,09:12 PM,06:47 AM,06:09 AM,08:16 PM,14,18,18,18,24,84,74,0.2,1019,18,10,98,18,leipzig
2021-08-23 17:00:00,21,14,0.0,8.2,4,100,09:12 PM,06:47 AM,06:09 AM,08:16 PM,13,17,17,17,26,90,78,0.4,1020,17,10,63,19,leipzig
2021-08-23 18:00:00,21,14,0.0,8.2,4,100,09:12 PM,06:47 AM,06:09 AM,08:16 PM,13,15,16,15,28,97,82,0.5,1020,16,10,28,20,leipzig
2021-08-23 19:00:00,21,14,0.0,8.2,4,100,09:12 PM,06:47 AM,06:09 AM,08:16 PM,13,14,16,14,28,97,85,0.2,1021,16,10,26,20,leipzig
2021-08-23 20:00:00,21,14,0.0,8.2,4,100,09:12 PM,06:47 AM,06:09 AM,08:16 PM,13,13,15,13,29,97,87,0.6,1021,15,10,24,20,leipzig
2021-08-23 21:00:00,21,14,0.0,8.2,4,100,09:12 PM,06:47 AM,06:09 AM,08:16 PM,12,13,14,13,29,98,90,0.8,1021,14,9,23,21,leipzig
2021-08-23 22:00:00,21,14,0.0,8.2,4,100,09:12 PM,06:47 AM,06:09 AM,08:16 PM,12,11,13,11,27,74,89,0.4,1022,13,10,132,18,leipzig
2021-08-23 23:00:00,21,14,0.0,8.2,4,100,09:12 PM,06:47 AM,06:09 AM,08:16 PM,11,10,12,10,25,51,89,0.0,1022,11,10,242,16,leipzig
2021-08-24 00:00:00,19,10,0.0,11.6,5,88,09:27 PM,08:05 AM,06:11 AM,08:14 PM,10,8,11,8,23,27,88,0.0,1023,10,10,351,14,leipzig
2021-08-24 01:00:00,19,10,0.0,11.6,5,88,09:27 PM,08:05 AM,06:11 AM,08:14 PM,10,9,10,9,23,27,90,0.0,1023,10,8,348,13,leipzig
2021-08-24 02:00:00,19,10,0.0,11.6,5,88,09:27 PM,08:05 AM,06:11 AM,08:14 PM,10,9,10,9,23,26,92,0.0,1023,10,6,345,13,leipzig
2021-08-24 03:00:00,19,10,0.0,11.6,5,88,09:27 PM,08:05 AM,06:11 AM,08:14 PM,9,9,10,9,23,25,94,0.0,1024,10,5,343,13,leipzig
2021-08-24 04:00:00,19,10,0.0,11.6,5,88,09:27 PM,08:05 AM,06:11 AM,08:14 PM,9,9,11,9,22,34,93,0.0,1024,11,6,346,13,leipzig
2021-08-24 05:00:00,19,10,0.0,11.6,5,88,09:27 PM,08:05 AM,06:11 AM,08:14 PM,9,9,11,9,21,42,91,0.0,1024,11,6,349,13,leipzig
2021-08-24 06:00:00,19,10,0.0,11.6,5,88,09:27 PM,08:05 AM,06:11 AM,08:14 PM,9,9,11,9,19,51,90,0.0,1024,11,7,352,13,leipzig
2021-08-24 07:00:00,19,10,0.0,11.6,5,88,09:27 PM,08:05 AM,06:11 AM,08:14 PM,9,10,12,10,18,53,87,0.0,1025,12,8,281,12,leipzig
2021-08-24 08:00:00,19,10,0.0,11.6,5,88,09:27 PM,08:05 AM,06:11 AM,08:14 PM,10,11,12,11,18,55,84,0.0,1025,12,9,210,12,leipzig
2021-08-24 09:00:00,19,10,0.0,11.6,5,88,09:27 PM,08:05 AM,06:11 AM,08:14 PM,10,12,13,12,17,57,82,0.0,1025,13,10,139,12,leipzig
2021-08-24 10:00:00,19,10,0.0,11.6,5,88,09:27 PM,08:05 AM,06:11 AM,08:14 PM,10,13,14,13,17,52,79,0.0,1026,14,10,109,12,leipzig
2021-08-24 11:00:00,19,10,0.0,11.6,5,88,09:27 PM,08:05 AM,06:11 AM,08:14 PM,10,14,14,14,17,47,76,0.0,1026,14,10,78,13,leipzig
2021-08-24 12:00:00,19,10,0.0,11.6,5,88,09:27 PM,08:05 AM,06:11 AM,08:14 PM,10,15,15,15,17,43,73,0.0,1026,15,10,48,13,leipzig
2021-08-24 13:00:00,19,10,0.0,11.6,5,88,09:27 PM,08:05 AM,06:11 AM,08:14 PM,10,16,16,16,17,43,66,0.0,1026,16,10,48,13,leipzig
2021-08-24 14:00:00,19,10,0.0,11.6,5,88,09:27 PM,08:05 AM,06:11 AM,08:14 PM,9,18,18,18,18,44,59,0.0,1025,18,10,48,14,leipzig
2021-08-24 15:00:00,19,10,0.0,11.6,5,88,09:27 PM,08:05 AM,06:11 AM,08:14 PM,9,19,19,19,19,45,52,0.0,1025,19,10,48,14,leipzig
2021-08-24 16:00:00,19,10,0.0,11.6,5,88,09:27 PM,08:05 AM,06:11 AM,08:14 PM,9,19,19,19,20,41,53,0.0,1025,19,10,47,14,leipzig
2021-08-24 17:00:00,19,10,0.0,11.6,5,88,09:27 PM,08:05 AM,06:11 AM,08:14 PM,8,18,18,18,22,36,54,0.0,1025,18,10,47,13,leipzig
2021-08-24 18:00:00,19,10,0.0,11.6,5,88,09:27 PM,08:05 AM,06:11 AM,08:14 PM,8,18,18,18,23,32,55,0.0,1025,18,10,46,13,leipzig
2021-08-24 19:00:00,19,10,0.0,11.6,5,88,09:27 PM,08:05 AM,06:11 AM,08:14 PM,8,17,17,17,23,28,57,0.0,1025,17,10,52,12,leipzig
2021-08-24 20:00:00,19,10,0.0,11.6,5,88,09:27 PM,08:05 AM,06:11 AM,08:14 PM,8,15,16,15,23,24,60,0.0,1025,16,10,57,12,leipzig
2021-08-24 21:00:00,19,10,0.0,11.6,5,88,09:27 PM,08:05 AM,06:11 AM,08:14 PM,8,14,15,14,22,20,62,0.0,1025,15,10,62,11,leipzig
2021-08-24 22:00:00,19,10,0.0,11.6,5,88,09:27 PM,08:05 AM,06:11 AM,08:14 PM,8,14,14,14,21,20,66,0.0,1025,14,10,59,10,leipzig
2021-08-24 23:00:00,19,10,0.0,11.6,5,88,09:27 PM,08:05 AM,06:11 AM,08:14 PM,8,13,14,13,19,20,69,0.0,1025,14,10,55,9,leipzig
2021-08-25 00:00:00,22,13,0.0,10.4,5,80,09:42 PM,09:19 AM,06:13 AM,08:11 PM,8,13,13,13,17,20,72,0.0,1025,13,10,51,9,leipzig
2021-08-25 01:00:00,22,13,0.0,10.4,5,80,09:42 PM,09:19 AM,06:13 AM,08:11 PM,8,13,13,13,15,16,73,0.0,1025,13,10,113,8,leipzig
2021-08-25 02:00:00,22,13,0.0,10.4,5,80,09:42 PM,09:19 AM,06:13 AM,08:11 PM,8,13,13,13,12,12,74,0.0,1024,13,10,176,6,leipzig
2021-08-25 03:00:00,22,13,0.0,10.4,5,80,09:42 PM,09:19 AM,06:13 AM,08:11 PM,9,13,13,13,10,8,75,0.0,1024,13,10,238,5,leipzig
2021-08-25 04:00:00,22,13,0.0,10.4,5,80,09:42 PM,09:19 AM,06:13 AM,08:11 PM,9,13,13,13,9,7,74,0.0,1024,13,10,260,5,leipzig
2021-08-25 05:00:00,22,13,0.0,10.4,5,80,09:42 PM,09:19 AM,06:13 AM,08:11 PM,9,14,14,14,8,5,73,0.0,1024,14,10,282,5,leipzig
2021-08-25 06:00:00,22,13,0.0,10.4,5,80,09:42 PM,09:19 AM,06:13 AM,08:11 PM,9,14,14,14,6,4,72,0.0,1023,14,10,303,5,leipzig
2021-08-25 07:00:00,22,13,0.0,10.4,5,80,09:42 PM,09:19 AM,06:13 AM,08:11 PM,9,15,15,15,8,6,67,0.0,1023,15,10,294,6,leipzig
2021-08-25 08:00:00,22,13,0.0,10.4,5,80,09:42 PM,09:19 AM,06:13 AM,08:11 PM,9,16,16,16,9,8,63,0.0,1022,16,10,284,7,leipzig
2021-08-25 09:00:00,22,13,0.0,10.4,5,80,09:42 PM,09:19 AM,06:13 AM,08:11 PM,9,18,17,18,10,10,58,0.0,1022,17,10,274,9,leipzig
2021-08-25 10:00:00,22,13,0.0,10.4,5,80,09:42 PM,09:19 AM,06:13 AM,08:11 PM,9,19,19,19,12,11,54,0.0,1021,19,10,272,11,leipzig
2021-08-25 11:00:00,22,13,0.0,10.4,5,80,09:42 PM,09:19 AM,06:13 AM,08:11 PM,9,20,21,20,14,11,50,0.0,1020,20,10,271,12,leipzig
2021-08-25 12:00:00,22,13,0.0,10.4,5,80,09:42 PM,09:19 AM,06:13 AM,08:11 PM,9,21,22,21,17,11,46,0.0,1019,21,10,269,14,leipzig
2021-08-25 13:00:00,22,13,0.0,10.4,5,80,09:42 PM,09:19 AM,06:13 AM,08:11 PM,9,21,23,21,19,19,45,0.0,1018,21,10,274,16,leipzig
2021-08-25 14:00:00,22,13,0.0,10.4,5,80,09:42 PM,09:19 AM,06:13 AM,08:11 PM,9,22,24,22,22,27,44,0.0,1017,22,10,278,18,leipzig
2021-08-25 15:00:00,22,13,0.0,10.4,5,80,09:42 PM,09:19 AM,06:13 AM,08:11 PM,9,24,24,22,24,34,43,0.0,1016,22,10,283,19,leipzig
2021-08-25 16:00:00,22,13,0.0,10.4,5,80,09:42 PM,09:19 AM,06:13 AM,08:11 PM,10,21,23,21,27,43,48,0.0,1016,21,10,286,19,leipzig
2021-08-25 17:00:00,22,13,0.0,10.4,5,80,09:42 PM,09:19 AM,06:13 AM,08:11 PM,10,21,22,21,29,52,53,0.0,1015,21,10,289,19,leipzig
2021-08-25 18:00:00,22,13,0.0,10.4,5,80,09:42 PM,09:19 AM,06:13 AM,08:11 PM,11,20,20,20,31,61,58,0.0,1014,20,10,293,19,leipzig
2021-08-25 19:00:00,22,13,0.0,10.4,5,80,09:42 PM,09:19 AM,06:13 AM,08:11 PM,11,19,19,19,32,70,62,0.0,1014,19,10,289,19,leipzig
2021-08-25 20:00:00,22,13,0.0,10.4,5,80,09:42 PM,09:19 AM,06:13 AM,08:11 PM,12,18,19,18,32,80,65,0.0,1013,18,10,285,19,leipzig
2021-08-25 21:00:00,22,13,0.0,10.4,5,80,09:42 PM,09:19 AM,06:13 AM,08:11 PM,12,18,18,18,32,89,69,0.0,1013,18,10,282,19,leipzig
2021-08-25 22:00:00,22,13,0.0,10.4,5,80,09:42 PM,09:19 AM,06:13 AM,08:11 PM,12,17,17,17,31,93,73,0.0,1013,17,10,282,20,leipzig
2021-08-25 23:00:00,22,13,0.0,10.4,5,80,09:42 PM,09:19 AM,06:13 AM,08:11 PM,12,17,17,17,30,96,76,0.0,1013,17,10,283,20,leipzig
2021-08-26 00:00:00,18,13,0.0,8.1,4,73,09:56 PM,10:31 AM,06:14 AM,08:09 PM,13,16,16,16,30,100,79,0.0,1013,16,10,283,20,leipzig
2021-08-26 01:00:00,18,13,0.0,8.1,4,73,09:56 PM,10:31 AM,06:14 AM,08:09 PM,12,15,15,15,31,98,80,0.0,1013,15,10,291,21,leipzig
2021-08-26 02:00:00,18,13,0.0,8.1,4,73,09:56 PM,10:31 AM,06:14 AM,08:09 PM,11,13,15,13,32,96,81,0.0,1012,15,10,298,22,leipzig
2021-08-26 03:00:00,18,13,0.0,8.1,4,73,09:56 PM,10:31 AM,06:14 AM,08:09 PM,11,12,14,12,33,95,82,0.0,1012,14,10,305,23,leipzig
2021-08-26 04:00:00,18,13,0.0,8.1,4,73,09:56 PM,10:31 AM,06:14 AM,08:09 PM,11,12,14,12,31,75,83,0.0,1013,14,10,305,21,leipzig
2021-08-26 05:00:00,18,13,0.0,8.1,4,73,09:56 PM,10:31 AM,06:14 AM,08:09 PM,11,11,13,11,29,55,84,0.0,1013,13,10,305,20,leipzig
2021-08-26 06:00:00,18,13,0.0,8.1,4,73,09:56 PM,10:31 AM,06:14 AM,08:09 PM,11,11,13,11,27,35,86,0.0,1013,13,10,305,18,leipzig
2021-08-26 07:00:00,18,13,0.0,8.1,4,73,09:56 PM,10:31 AM,06:14 AM,08:09 PM,10,13,14,13,26,44,79,0.0,1013,14,10,308,19,leipzig
2021-08-26 08:00:00,18,13,0.0,8.1,4,73,09:56 PM,10:31 AM,06:14 AM,08:09 PM,10,15,15,15,25,53,72,0.0,1013,15,10,312,20,leipzig
2021-08-26 09:00:00,18,13,0.0,8.1,4,73,09:56 PM,10:31 AM,06:14 AM,08:09 PM,10,17,17,17,24,63,65,0.0,1013,17,10,316,20,leipzig
2021-08-26 10:00:00,18,13,0.0,8.1,4,73,09:56 PM,10:31 AM,06:14 AM,08:09 PM,10,17,17,17,27,64,62,0.0,1013,17,10,321,23,leipzig
2021-08-26 11:00:00,18,13,0.0,8.1,4,73,09:56 PM,10:31 AM,06:14 AM,08:09 PM,9,18,18,18,31,66,58,0.0,1013,18,10,326,25,leipzig
2021-08-26 12:00:00,18,13,0.0,8.1,4,73,09:56 PM,10:31 AM,06:14 AM,08:09 PM,9,18,18,18,35,67,55,0.0,1013,18,10,331,27,leipzig
2021-08-26 13:00:00,18,13,0.0,8.1,4,73,09:56 PM,10:31 AM,06:14 AM,08:09 PM,9,18,18,18,33,78,55,0.0,1013,18,10,335,26,leipzig
2021-08-26 14:00:00,18,13,0.0,8.1,4,73,09:56 PM,10:31 AM,06:14 AM,08:09 PM,9,18,18,18,31,89,55,0.0,1013,18,10,339,25,leipzig
2021-08-26 15:00:00,18,13,0.0,8.1,4,73,09:56 PM,10:31 AM,06:14 AM,08:09 PM,9,18,18,18,30,100,55,0.0,1013,18,10,343,23,leipzig
2021-08-26 16:00:00,18,13,0.0,8.1,4,73,09:56 PM,10:31 AM,06:14 AM,08:09 PM,9,17,17,17,27,81,56,0.0,1013,17,10,337,21,leipzig
2021-08-26 17:00:00,18,13,0.0,8.1,4,73,09:56 PM,10:31 AM,06:14 AM,08:09 PM,9,17,17,17,24,63,57,0.0,1013,17,10,331,19,leipzig
2021-08-26 18:00:00,18,13,0.0,8.1,4,73,09:56 PM,10:31 AM,06:14 AM,08:09 PM,9,17,17,17,22,44,59,0.0,1013,17,10,326,16,leipzig
2021-08-26 19:00:00,18,13,0.0,8.1,4,73,09:56 PM,10:31 AM,06:14 AM,08:09 PM,8,16,16,16,23,47,61,0.0,1013,16,10,321,16,leipzig
2021-08-26 20:00:00,18,13,0.0,8.1,4,73,09:56 PM,10:31 AM,06:14 AM,08:09 PM,8,14,15,14,23,51,64,0.0,1014,15,10,317,16,leipzig
2021-08-26 21:00:00,18,13,0.0,8.1,4,73,09:56 PM,10:31 AM,06:14 AM,08:09 PM,8,13,14,13,24,54,67,0.0,1014,14,10,312,17,leipzig
2021-08-26 22:00:00,18,13,0.0,8.1,4,73,09:56 PM,10:31 AM,06:14 AM,08:09 PM,9,12,13,12,25,55,73,0.0,1013,13,10,298,16,leipzig
2021-08-26 23:00:00,18,13,0.0,8.1,4,73,09:56 PM,10:31 AM,06:14 AM,08:09 PM,9,11,13,11,26,57,78,0.0,1013,13,10,284,16,leipzig
2021-08-27 00:00:00,13,6,0.0,7.0,4,66,10:11 PM,11:42 AM,06:16 AM,08:07 PM,9,10,12,10,28,58,84,0.0,1012,12,10,270,16,leipzig
2021-08-27 01:00:00,13,6,0.0,7.0,4,66,10:11 PM,11:42 AM,06:16 AM,08:07 PM,9,10,12,10,29,54,84,0.0,1012,12,10,267,17,leipzig
2021-08-27 02:00:00,13,6,0.0,7.0,4,66,10:11 PM,11:42 AM,06:16 AM,08:07 PM,9,10,12,10,30,49,83,0.0,1012,12,10,264,18,leipzig
2021-08-27 03:00:00,13,6,0.0,7.0,4,66,10:11 PM,11:42 AM,06:16 AM,08:07 PM,9,10,12,10,31,45,83,0.0,1012,12,10,261,19,leipzig
2021-08-27 04:00:00,13,6,0.0,7.0,4,66,10:11 PM,11:42 AM,06:16 AM,08:07 PM,9,9,11,9,30,63,85,0.0,1012,11,7,261,20,leipzig
2021-08-27 05:00:00,13,6,0.0,7.0,4,66,10:11 PM,11:42 AM,06:16 AM,08:07 PM,9,9,11,9,30,82,88,0.1,1011,11,5,261,20,leipzig
2021-08-27 06:00:00,13,6,0.0,7.0,4,66,10:11 PM,11:42 AM,06:16 AM,08:07 PM,9,8,11,8,30,100,91,0.2,1011,11,2,260,20,leipzig
2021-08-27 07:00:00,13,6,0.0,7.0,4,66,10:11 PM,11:42 AM,06:16 AM,08:07 PM,10,8,11,8,30,100,92,0.1,1011,11,4,259,20,leipzig
2021-08-27 08:00:00,13,6,0.0,7.0,4,66,10:11 PM,11:42 AM,06:16 AM,08:07 PM,10,9,11,9,30,100,92,0.3,1011,11,7,257,21,leipzig
2021-08-27 09:00:00,13,6,0.0,7.0,4,66,10:11 PM,11:42 AM,06:16 AM,08:07 PM,10,9,11,9,30,100,93,0.4,1011,11,9,255,21,leipzig
2021-08-27 10:00:00,13,6,0.0,7.0,4,66,10:11 PM,11:42 AM,06:16 AM,08:07 PM,11,10,12,10,27,100,92,0.2,1011,12,9,259,19,leipzig
2021-08-27 11:00:00,13,6,0.0,7.0,4,66,10:11 PM,11:42 AM,06:16 AM,08:07 PM,11,10,12,10,24,100,92,0.3,1011,12,9,262,17,leipzig
2021-08-27 12:00:00,13,6,0.0,7.0,4,66,10:11 PM,11:42 AM,06:16 AM,08:07 PM,11,11,13,11,21,100,91,0.4,1012,13,9,266,15,leipzig
2021-08-27 13:00:00,13,6,0.0,7.0,4,66,10:11 PM,11:42 AM,06:16 AM,08:07 PM,11,11,13,11,16,100,91,0.2,1012,13,9,276,12,leipzig
2021-08-27 14:00:00,13,6,0.0,7.0,4,66,10:11 PM,11:42 AM,06:16 AM,08:07 PM,11,12,13,12,12,100,91,0.1,1012,13,10,286,9,leipzig
2021-08-27 15:00:00,13,6,0.0,7.0,4,66,10:11 PM,11:42 AM,06:16 AM,08:07 PM,11,12,13,12,8,100,91,0.2,1012,13,10,296,6,leipzig
2021-08-27 16:00:00,13,6,0.0,7.0,4,66,10:11 PM,11:42 AM,06:16 AM,08:07 PM,11,12,13,12,8,100,91,0.1,1012,12,10,272,6,leipzig
2021-08-27 17:00:00,13,6,0.0,7.0,4,66,10:11 PM,11:42 AM,06:16 AM,08:07 PM,11,11,13,11,8,100,90,0.1,1013,11,10,247,6,leipzig
2021-08-27 18:00:00,13,6,0.0,7.0,4,66,10:11 PM,11:42 AM,06:16 AM,08:07 PM,11,11,14,11,8,100,89,0.1,1013,11,10,223,6,leipzig
2021-08-27 19:00:00,13,6,0.0,7.0,4,66,10:11 PM,11:42 AM,06:16 AM,08:07 PM,11,9,12,9,10,100,91,0.1,1013,9,7,231,6,leipzig
2021-08-27 20:00:00,13,6,0.0,7.0,4,66,10:11 PM,11:42 AM,06:16 AM,08:07 PM,11,7,10,7,12,100,93,0.0,1013,7,5,238,7,leipzig
2021-08-27 21:00:00,13,6,0.0,7.0,4,66,10:11 PM,11:42 AM,06:16 AM,08:07 PM,10,6,9,6,14,100,95,0.0,1014,6,2,246,8,leipzig
2021-08-27 22:00:00,13,6,0.0,7.0,4,66,10:11 PM,11:42 AM,06:16 AM,08:07 PM,10,7,9,7,13,84,95,0.0,1014,7,2,256,7,leipzig
2021-08-27 23:00:00,13,6,0.0,7.0,4,66,10:11 PM,11:42 AM,06:16 AM,08:07 PM,10,9,10,9,11,67,95,0.0,1014,9,2,266,6,leipzig
2021-08-28 00:00:00,19,10,0.0,8.1,4,59,10:28 PM,12:52 PM,06:17 AM,08:05 PM,10,11,11,11,10,51,95,0.0,1014,11,2,275,5,leipzig
2021-08-28 01:00:00,19,10,0.0,8.1,4,59,10:28 PM,12:52 PM,06:17 AM,08:05 PM,10,10,10,10,11,56,95,0.0,1014,10,2,284,6,leipzig
2021-08-28 02:00:00,19,10,0.0,8.1,4,59,10:28 PM,12:52 PM,06:17 AM,08:05 PM,10,10,10,10,12,61,96,0.0,1014,10,2,294,6,leipzig
2021-08-28 03:00:00,19,10,0.0,8.1,4,59,10:28 PM,12:52 PM,06:17 AM,08:05 PM,9,9,10,9,13,65,97,0.0,1014,10,2,303,6,leipzig
2021-08-28 04:00:00,19,10,0.0,8.1,4,59,10:28 PM,12:52 PM,06:17 AM,08:05 PM,10,9,10,9,12,65,96,0.0,1015,10,2,313,6,leipzig
2021-08-28 05:00:00,19,10,0.0,8.1,4,59,10:28 PM,12:52 PM,06:17 AM,08:05 PM,10,10,10,10,11,65,96,0.0,1015,10,2,324,6,leipzig
2021-08-28 06:00:00,19,10,0.0,8.1,4,59,10:28 PM,12:52 PM,06:17 AM,08:05 PM,10,10,10,10,11,65,95,0.0,1015,10,2,335,6,leipzig
2021-08-28 07:00:00,19,10,0.0,8.1,4,59,10:28 PM,12:52 PM,06:17 AM,08:05 PM,10,11,12,11,10,75,91,0.0,1016,12,5,227,6,leipzig
2021-08-28 08:00:00,19,10,0.0,8.1,4,59,10:28 PM,12:52 PM,06:17 AM,08:05 PM,10,12,13,12,9,85,86,0.0,1016,13,7,118,6,leipzig
2021-08-28 09:00:00,19,10,0.0,8.1,4,59,10:28 PM,12:52 PM,06:17 AM,08:05 PM,11,14,14,14,8,95,81,0.0,1016,14,10,10,6,leipzig
2021-08-28 10:00:00,19,10,0.0,8.1,4,59,10:28 PM,12:52 PM,06:17 AM,08:05 PM,11,15,15,15,9,87,77,0.0,1016,15,10,28,7,leipzig
2021-08-28 11:00:00,19,10,0.0,8.1,4,59,10:28 PM,12:52 PM,06:17 AM,08:05 PM,11,16,16,16,9,79,72,0.0,1016,16,10,46,8,leipzig
2021-08-28 12:00:00,19,10,0.0,8.1,4,59,10:28 PM,12:52 PM,06:17 AM,08:05 PM,11,17,17,17,10,71,68,0.0,1016,17,10,64,8,leipzig
2021-08-28 13:00:00,19,10,0.0,8.1,4,59,10:28 PM,12:52 PM,06:17 AM,08:05 PM,11,17,17,17,11,67,64,0.0,1016,17,10,57,9,leipzig
2021-08-28 14:00:00,19,10,0.0,8.1,4,59,10:28 PM,12:52 PM,06:17 AM,08:05 PM,10,18,18,18,11,63,60,0.0,1017,18,10,49,9,leipzig
2021-08-28 15:00:00,19,10,0.0,8.1,4,59,10:28 PM,12:52 PM,06:17 AM,08:05 PM,10,19,19,19,12,59,56,0.0,1017,19,10,42,10,leipzig
2021-08-28 16:00:00,19,10,0.0,8.1,4,59,10:28 PM,12:52 PM,06:17 AM,08:05 PM,10,18,18,18,11,64,60,0.0,1017,18,10,45,9,leipzig
2021-08-28 17:00:00,19,10,0.0,8.1,4,59,10:28 PM,12:52 PM,06:17 AM,08:05 PM,11,18,18,18,11,70,64,0.0,1017,18,10,49,8,leipzig
2021-08-28 18:00:00,19,10,0.0,8.1,4,59,10:28 PM,12:52 PM,06:17 AM,08:05 PM,12,18,18,18,10,76,68,0.0,1017,18,10,52,6,leipzig
2021-08-28 19:00:00,19,10,0.0,8.1,4,59,10:28 PM,12:52 PM,06:17 AM,08:05 PM,11,16,16,16,11,84,72,0.0,1017,16,10,47,6,leipzig
2021-08-28 20:00:00,19,10,0.0,8.1,4,59,10:28 PM,12:52 PM,06:17 AM,08:05 PM,11,15,15,15,11,92,76,0.0,1018,15,10,41,6,leipzig
2021-08-28 21:00:00,19,10,0.0,8.1,4,59,10:28 PM,12:52 PM,06:17 AM,08:05 PM,11,14,14,14,12,100,81,0.0,1018,14,10,36,6,leipzig
2021-08-28 22:00:00,19,10,0.0,8.1,4,59,10:28 PM,12:52 PM,06:17 AM,08:05 PM,11,14,14,14,14,91,84,0.0,1017,14,10,130,8,leipzig
2021-08-28 23:00:00,19,10,0.0,8.1,4,59,10:28 PM,12:52 PM,06:17 AM,08:05 PM,11,13,14,13,16,81,87,0.0,1017,14,10,224,9,leipzig
2021-08-29 00:00:00,15,12,0.0,6.9,3,51,10:49 PM,02:02 PM,06:19 AM,08:03 PM,12,12,13,12,18,72,90,0.0,1016,13,10,317,10,leipzig
2021-08-29 01:00:00,15,12,0.0,6.9,3,51,10:49 PM,02:02 PM,06:19 AM,08:03 PM,12,12,13,12,16,79,93,0.0,1016,13,10,313,9,leipzig
2021-08-29 02:00:00,15,12,0.0,6.9,3,51,10:49 PM,02:02 PM,06:19 AM,08:03 PM,12,12,13,12,14,86,95,0.1,1015,13,10,308,8,leipzig
2021-08-29 03:00:00,15,12,0.0,6.9,3,51,10:49 PM,02:02 PM,06:19 AM,08:03 PM,12,12,13,12,12,94,98,0.1,1015,13,10,303,7,leipzig
2021-08-29 04:00:00,15,12,0.0,6.9,3,51,10:49 PM,02:02 PM,06:19 AM,08:03 PM,12,12,13,12,13,96,98,0.1,1015,13,10,306,8,leipzig
2021-08-29 05:00:00,15,12,0.0,6.9,3,51,10:49 PM,02:02 PM,06:19 AM,08:03 PM,12,12,13,12,14,98,98,0.1,1015,13,10,309,9,leipzig
2021-08-29 06:00:00,15,12,0.0,6.9,3,51,10:49 PM,02:02 PM,06:19 AM,08:03 PM,13,12,13,12,15,100,98,0.1,1015,13,10,311,10,leipzig
2021-08-29 07:00:00,15,12,0.0,6.9,3,51,10:49 PM,02:02 PM,06:19 AM,08:03 PM,13,12,13,12,14,100,97,0.1,1015,13,7,317,9,leipzig
2021-08-29 08:00:00,15,12,0.0,6.9,3,51,10:49 PM,02:02 PM,06:19 AM,08:03 PM,13,13,13,13,13,100,96,0.0,1015,13,5,322,9,leipzig
2021-08-29 09:00:00,15,12,0.0,6.9,3,51,10:49 PM,02:02 PM,06:19 AM,08:03 PM,13,13,13,13,12,100,95,0.0,1015,13,2,327,8,leipzig
2021-08-29 10:00:00,15,12,0.0,6.9,3,51,10:49 PM,02:02 PM,06:19 AM,08:03 PM,12,13,14,13,11,98,94,0.0,1015,14,5,330,8,leipzig
2021-08-29 11:00:00,15,12,0.0,6.9,3,51,10:49 PM,02:02 PM,06:19 AM,08:03 PM,12,13,14,13,10,97,93,0.0,1015,14,7,332,7,leipzig
2021-08-29 12:00:00,15,12,0.0,6.9,3,51,10:49 PM,02:02 PM,06:19 AM,08:03 PM,12,14,14,14,10,95,92,0.0,1015,14,10,334,7,leipzig
2021-08-29 13:00:00,15,12,0.0,6.9,3,51,10:49 PM,02:02 PM,06:19 AM,08:03 PM,12,14,14,14,9,95,89,0.0,1015,14,10,327,7,leipzig
2021-08-29 14:00:00,15,12,0.0,6.9,3,51,10:49 PM,02:02 PM,06:19 AM,08:03 PM,12,14,14,14,9,94,86,0.0,1015,14,10,321,7,leipzig
2021-08-29 15:00:00,15,12,0.0,6.9,3,51,10:49 PM,02:02 PM,06:19 AM,08:03 PM,12,15,15,15,9,94,83,0.0,1015,15,10,315,7,leipzig
2021-08-29 16:00:00,15,12,0.0,6.9,3,51,10:49 PM,02:02 PM,06:19 AM,08:03 PM,12,14,15,14,9,90,85,0.0,1015,15,10,302,7,leipzig
2021-08-29 17:00:00,15,12,0.0,6.9,3,51,10:49 PM,02:02 PM,06:19 AM,08:03 PM,12,14,14,14,10,86,87,0.0,1015,14,10,290,7,leipzig
2021-08-29 18:00:00,15,12,0.0,6.9,3,51,10:49 PM,02:02 PM,06:19 AM,08:03 PM,12,14,14,14,10,82,89,0.0,1015,14,10,278,7,leipzig
2021-08-29 19:00:00,15,12,0.0,6.9,3,51,10:49 PM,02:02 PM,06:19 AM,08:03 PM,12,13,13,13,9,70,90,0.0,1015,13,10,276,6,leipzig
2021-08-29 20:00:00,15,12,0.0,6.9,3,51,10:49 PM,02:02 PM,06:19 AM,08:03 PM,11,13,13,13,9,59,92,0.0,1015,13,10,274,5,leipzig
2021-08-29 21:00:00,15,12,0.0,6.9,3,51,10:49 PM,02:02 PM,06:19 AM,08:03 PM,11,12,12,12,8,47,93,0.0,1015,12,10,272,4,leipzig
2021-08-29 22:00:00,15,12,0.0,6.9,3,51,10:49 PM,02:02 PM,06:19 AM,08:03 PM,11,12,12,12,10,49,93,0.0,1015,12,10,245,5,leipzig
2021-08-29 23:00:00,15,12,0.0,6.9,3,51,10:49 PM,02:02 PM,06:19 AM,08:03 PM,12,12,13,12,11,50,93,0.0,1014,13,10,219,6,leipzig
2021-08-30 00:00:00,19,12,0.0,8.1,4,44,11:16 PM,03:11 PM,06:20 AM,08:01 PM,12,13,13,13,13,52,93,0.0,1014,13,10,193,8,leipzig
2021-08-30 01:00:00,19,12,0.0,8.1,4,44,11:16 PM,03:11 PM,06:20 AM,08:01 PM,12,12,13,12,13,52,94,0.0,1014,13,7,183,7,leipzig
2021-08-30 02:00:00,19,12,0.0,8.1,4,44,11:16 PM,03:11 PM,06:20 AM,08:01 PM,12,12,13,12,12,52,94,0.0,1014,13,5,174,7,leipzig
2021-08-30 03:00:00,19,12,0.0,8.1,4,44,11:16 PM,03:11 PM,06:20 AM,08:01 PM,12,12,12,12,12,53,94,0.0,1014,12,2,165,7,leipzig
2021-08-30 04:00:00,19,12,0.0,8.1,4,44,11:16 PM,03:11 PM,06:20 AM,08:01 PM,11,12,12,12,11,51,94,0.0,1014,12,2,132,6,leipzig
2021-08-30 05:00:00,19,12,0.0,8.1,4,44,11:16 PM,03:11 PM,06:20 AM,08:01 PM,11,12,12,12,9,49,94,0.0,1014,12,2,99,5,leipzig
2021-08-30 06:00:00,19,12,0.0,8.1,4,44,11:16 PM,03:11 PM,06:20 AM,08:01 PM,11,12,12,12,8,47,94,0.0,1014,12,2,67,4,leipzig
2021-08-30 07:00:00,19,12,0.0,8.1,4,44,11:16 PM,03:11 PM,06:20 AM,08:01 PM,11,14,13,14,8,57,88,0.0,1014,13,5,51,5,leipzig
2021-08-30 08:00:00,19,12,0.0,8.1,4,44,11:16 PM,03:11 PM,06:20 AM,08:01 PM,12,15,15,15,9,67,82,0.0,1014,15,7,34,6,leipzig
2021-08-30 09:00:00,19,12,0.0,8.1,4,44,11:16 PM,03:11 PM,06:20 AM,08:01 PM,12,16,16,16,9,77,76,0.0,1015,16,10,18,7,leipzig
2021-08-30 10:00:00,19,12,0.0,8.1,4,44,11:16 PM,03:11 PM,06:20 AM,08:01 PM,12,17,17,17,11,80,73,0.0,1014,17,10,122,9,leipzig
2021-08-30 11:00:00,19,12,0.0,8.1,4,44,11:16 PM,03:11 PM,06:20 AM,08:01 PM,12,18,18,18,13,83,69,0.0,1014,18,10,226,11,leipzig
2021-08-30 12:00:00,19,12,0.0,8.1,4,44,11:16 PM,03:11 PM,06:20 AM,08:01 PM,12,19,19,19,15,86,66,0.0,1014,19,10,331,13,leipzig
2021-08-30 13:00:00,19,12,0.0,8.1,4,44,11:16 PM,03:11 PM,06:20 AM,08:01 PM,12,19,19,19,16,83,66,0.0,1014,19,10,333,14,leipzig
2021-08-30 14:00:00,19,12,0.0,8.1,4,44,11:16 PM,03:11 PM,06:20 AM,08:01 PM,13,19,19,19,17,81,67,0.0,1014,19,10,335,14,leipzig
2021-08-30 15:00:00,19,12,0.0,8.1,4,44,11:16 PM,03:11 PM,06:20 AM,08:01 PM,13,19,19,19,18,79,68,0.0,1014,19,10,338,15,leipzig
2021-08-30 16:00:00,19,12,0.0,8.1,4,44,11:16 PM,03:11 PM,06:20 AM,08:01 PM,13,18,18,18,19,72,72,0.0,1014,18,10,339,15,leipzig
2021-08-30 17:00:00,19,12,0.0,8.1,4,44,11:16 PM,03:11 PM,06:20 AM,08:01 PM,14,18,18,18,20,66,76,0.1,1014,18,10,339,14,leipzig
2021-08-30 18:00:00,19,12,0.0,8.1,4,44,11:16 PM,03:11 PM,06:20 AM,08:01 PM,14,18,18,18,21,59,80,0.2,1014,18,10,340,14,leipzig
2021-08-30 19:00:00,19,12,0.0,8.1,4,44,11:16 PM,03:11 PM,06:20 AM,08:01 PM,14,16,17,16,21,68,84,0.1,1014,17,10,339,14,leipzig
2021-08-30 20:00:00,19,12,0.0,8.1,4,44,11:16 PM,03:11 PM,06:20 AM,08:01 PM,14,15,15,15,21,76,89,0.0,1015,15,10,338,14,leipzig
2021-08-30 21:00:00,19,12,0.0,8.1,4,44,11:16 PM,03:11 PM,06:20 AM,08:01 PM,13,14,14,14,22,84,94,0.0,1015,14,10,337,13,leipzig
2021-08-30 22:00:00,19,12,0.0,8.1,4,44,11:16 PM,03:11 PM,06:20 AM,08:01 PM,13,13,14,13,22,86,95,0.0,1016,14,10,336,14,leipzig
2021-08-30 23:00:00,19,12,0.0,8.1,4,44,11:16 PM,03:11 PM,06:20 AM,08:01 PM,13,13,14,13,23,88,96,0.0,1017,14,10,336,14,leipzig
2021-08-31 00:00:00,21,12,0.0,10.4,4,40,11:51 PM,04:16 PM,06:22 AM,07:59 PM,13,12,14,12,23,90,97,0.0,1018,14,10,335,14,leipzig
2021-08-31 01:00:00,21,12,0.0,10.4,4,40,11:51 PM,04:16 PM,06:22 AM,07:59 PM,13,12,13,12,23,92,96,0.0,1018,13,10,334,15,leipzig
2021-08-31 02:00:00,21,12,0.0,10.4,4,40,11:51 PM,04:16 PM,06:22 AM,07:59 PM,12,12,13,12,23,94,96,0.0,1018,13,10,333,15,leipzig
2021-08-31 03:00:00,21,12,0.0,10.4,4,40,11:51 PM,04:16 PM,06:22 AM,07:59 PM,12,11,13,11,23,96,96,0.0,1019,13,10,332,15,leipzig
2021-08-31 04:00:00,21,12,0.0,10.4,4,40,11:51 PM,04:16 PM,06:22 AM,07:59 PM,12,11,12,11,22,85,95,0.0,1019,12,10,324,15,leipzig
2021-08-31 05:00:00,21,12,0.0,10.4,4,40,11:51 PM,04:16 PM,06:22 AM,07:59 PM,11,11,12,11,22,74,95,0.0,1019,12,10,317,14,leipzig
2021-08-31 06:00:00,21,12,0.0,10.4,4,40,11:51 PM,04:16 PM,06:22 AM,07:59 PM,11,10,12,10,21,63,95,0.0,1019,12,10,309,13,leipzig
2021-08-31 07:00:00,21,12,0.0,10.4,4,40,11:51 PM,04:16 PM,06:22 AM,07:59 PM,11,12,13,12,22,61,90,0.0,1019,13,10,311,15,leipzig
2021-08-31 08:00:00,21,12,0.0,10.4,4,40,11:51 PM,04:16 PM,06:22 AM,07:59 PM,12,14,14,14,23,59,86,0.0,1020,14,10,313,17,leipzig
2021-08-31 09:00:00,21,12,0.0,10.4,4,40,11:51 PM,04:16 PM,06:22 AM,07:59 PM,12,15,15,15,24,56,81,0.0,1020,15,10,316,19,leipzig
2021-08-31 10:00:00,21,12,0.0,10.4,4,40,11:51 PM,04:16 PM,06:22 AM,07:59 PM,12,17,17,17,26,68,73,0.0,1020,17,10,323,21,leipzig
2021-08-31 11:00:00,21,12,0.0,10.4,4,40,11:51 PM,04:16 PM,06:22 AM,07:59 PM,11,18,18,18,27,80,65,0.0,1020,18,10,330,22,leipzig
2021-08-31 12:00:00,21,12,0.0,10.4,4,40,11:51 PM,04:16 PM,06:22 AM,07:59 PM,11,20,20,20,28,92,57,0.0,1020,20,10,337,24,leipzig
2021-08-31 13:00:00,21,12,0.0,10.4,4,40,11:51 PM,04:16 PM,06:22 AM,07:59 PM,11,20,21,20,28,76,54,0.0,1020,20,10,340,24,leipzig
2021-08-31 14:00:00,21,12,0.0,10.4,4,40,11:51 PM,04:16 PM,06:22 AM,07:59 PM,11,21,23,21,28,60,52,0.0,1020,21,10,343,24,leipzig
2021-08-31 15:00:00,21,12,0.0,10.4,4,40,11:51 PM,04:16 PM,06:22 AM,07:59 PM,10,21,24,21,28,44,50,0.0,1020,21,10,346,24,leipzig
2021-08-31 16:00:00,21,12,0.0,10.4,4,40,11:51 PM,04:16 PM,06:22 AM,07:59 PM,11,20,22,20,26,34,54,0.0,1020,20,10,348,20,leipzig
2021-08-31 17:00:00,21,12,0.0,10.4,4,40,11:51 PM,04:16 PM,06:22 AM,07:59 PM,11,19,20,19,24,25,58,0.0,1020,19,10,350,16,leipzig
2021-08-31 18:00:00,21,12,0.0,10.4,4,40,11:51 PM,04:16 PM,06:22 AM,07:59 PM,11,18,18,18,22,16,62,0.0,1020,18,10,353,13,leipzig
2021-08-31 19:00:00,21,12,0.0,10.4,4,40,11:51 PM,04:16 PM,06:22 AM,07:59 PM,11,17,17,17,21,18,66,0.0,1021,17,10,349,12,leipzig
2021-08-31 20:00:00,21,12,0.0,10.4,4,40,11:51 PM,04:16 PM,06:22 AM,07:59 PM,10,15,16,15,21,19,71,0.0,1021,16,10,346,10,leipzig
2021-08-31 21:00:00,21,12,0.0,10.4,4,40,11:51 PM,04:16 PM,06:22 AM,07:59 PM,10,14,14,14,20,21,75,0.0,1022,14,10,342,9,leipzig
2021-08-31 22:00:00,21,12,0.0,10.4,4,40,11:51 PM,04:16 PM,06:22 AM,07:59 PM,10,13,14,13,20,20,78,0.0,1022,14,10,333,10,leipzig
2021-08-31 23:00:00,21,12,0.0,10.4,4,40,11:51 PM,04:16 PM,06:22 AM,07:59 PM,10,13,14,13,20,18,81,0.0,1022,14,10,324,10,leipzig
2021-09-01 00:00:00,22,11,0.0,10.4,5,23,No moonrise,05:16 PM,06:24 AM,07:57 PM,10,12,13,12,20,17,83,0.0,1023,13,10,315,10,leipzig
2021-09-01 01:00:00,22,11,0.0,10.4,5,23,No moonrise,05:16 PM,06:24 AM,07:57 PM,10,12,13,12,20,14,85,0.0,1023,13,10,313,10,leipzig
2021-09-01 02:00:00,22,11,0.0,10.4,5,23,No moonrise,05:16 PM,06:24 AM,07:57 PM,10,11,12,11,20,12,86,0.0,1023,12,10,310,10,leipzig
2021-09-01 03:00:00,22,11,0.0,10.4,5,23,No moonrise,05:16 PM,06:24 AM,07:57 PM,10,11,12,11,21,9,87,0.0,1023,12,10,307,10,leipzig
2021-09-01 04:00:00,22,11,0.0,10.4,5,23,No moonrise,05:16 PM,06:24 AM,07:57 PM,10,11,12,11,20,9,89,0.0,1024,12,10,305,10,leipzig
2021-09-01 05:00:00,22,11,0.0,10.4,5,23,No moonrise,05:16 PM,06:24 AM,07:57 PM,10,11,12,11,19,9,90,0.0,1024,12,10,303,10,leipzig
2021-09-01 06:00:00,22,11,0.0,10.4,5,23,No moonrise,05:16 PM,06:24 AM,07:57 PM,10,10,11,10,18,9,92,0.0,1024,11,10,301,9,leipzig
2021-09-01 07:00:00,22,11,0.0,10.4,5,23,No moonrise,05:16 PM,06:24 AM,07:57 PM,10,12,13,12,18,12,85,0.0,1024,13,10,308,11,leipzig
2021-09-01 08:00:00,22,11,0.0,10.4,5,23,No moonrise,05:16 PM,06:24 AM,07:57 PM,11,14,15,14,17,15,77,0.0,1025,15,10,316,12,leipzig
2021-09-01 09:00:00,22,11,0.0,10.4,5,23,No moonrise,05:16 PM,06:24 AM,07:57 PM,11,16,16,16,17,17,70,0.0,1025,16,10,323,14,leipzig
2021-09-01 10:00:00,22,11,0.0,10.4,5,23,No moonrise,05:16 PM,06:24 AM,07:57 PM,11,18,18,18,17,21,65,0.0,1025,18,10,328,14,leipzig
2021-09-01 11:00:00,22,11,0.0,10.4,5,23,No moonrise,05:16 PM,06:24 AM,07:57 PM,11,19,19,19,16,24,61,0.0,1025,19,10,332,14,leipzig
2021-09-01 12:00:00,22,11,0.0,10.4,5,23,No moonrise,05:16 PM,06:24 AM,07:57 PM,12,21,21,21,16,28,56,0.0,1025,21,10,337,14,leipzig
2021-09-01 13:00:00,22,11,0.0,10.4,5,23,No moonrise,05:16 PM,06:24 AM,07:57 PM,12,21,22,21,16,43,55,0.0,1025,21,10,338,14,leipzig
2021-09-01 14:00:00,22,11,0.0,10.4,5,23,No moonrise,05:16 PM,06:24 AM,07:57 PM,11,21,23,21,16,58,54,0.0,1025,21,10,340,14,leipzig
2021-09-01 15:00:00,22,11,0.0,10.4,5,23,No moonrise,05:16 PM,06:24 AM,07:57 PM,11,22,24,22,17,74,52,0.0,1025,22,10,342,14,leipzig
2021-09-01 16:00:00,22,11,0.0,10.4,5,23,No moonrise,05:16 PM,06:24 AM,07:57 PM,11,21,23,21,17,62,54,0.0,1025,21,10,230,13,leipzig
2021-09-01 17:00:00,22,11,0.0,10.4,5,23,No moonrise,05:16 PM,06:24 AM,07:57 PM,11,20,21,20,17,51,57,0.0,1025,20,10,118,11,leipzig
2021-09-01 18:00:00,22,11,0.0,10.4,5,23,No moonrise,05:16 PM,06:24 AM,07:57 PM,11,19,19,19,17,39,59,0.0,1025,19,10,6,9,leipzig
2021-09-01 19:00:00,22,11,0.0,10.4,5,23,No moonrise,05:16 PM,06:24 AM,07:57 PM,11,18,18,18,18,26,63,0.0,1025,18,10,24,9,leipzig
2021-09-01 20:00:00,22,11,0.0,10.4,5,23,No moonrise,05:16 PM,06:24 AM,07:57 PM,11,17,17,17,19,13,66,0.0,1026,17,10,43,10,leipzig
2021-09-01 21:00:00,22,11,0.0,10.4,5,23,No moonrise,05:16 PM,06:24 AM,07:57 PM,10,16,16,16,21,0,70,0.0,1026,16,10,61,10,leipzig
2021-09-01 22:00:00,22,11,0.0,10.4,5,23,No moonrise,05:16 PM,06:24 AM,07:57 PM,10,15,15,15,18,3,73,0.0,1026,15,10,56,9,leipzig
2021-09-01 23:00:00,22,11,0.0,10.4,5,23,No moonrise,05:16 PM,06:24 AM,07:57 PM,10,14,14,14,15,7,75,0.0,1026,14,10,51,7,leipzig
2021-09-02 00:00:00,23,12,0.0,11.6,5,16,12:36 AM,06:06 PM,06:25 AM,07:54 PM,10,14,14,14,13,10,78,0.0,1026,14,10,45,6,leipzig
2021-09-02 01:00:00,23,12,0.0,11.6,5,16,12:36 AM,06:06 PM,06:25 AM,07:54 PM,10,13,13,13,10,8,78,0.0,1026,13,10,137,5,leipzig
2021-09-02 02:00:00,23,12,0.0,11.6,5,16,12:36 AM,06:06 PM,06:25 AM,07:54 PM,9,13,13,13,7,7,79,0.0,1026,13,10,229,3,leipzig
2021-09-02 03:00:00,23,12,0.0,11.6,5,16,12:36 AM,06:06 PM,06:25 AM,07:54 PM,9,13,13,13,4,5,80,0.0,1027,13,10,320,2,leipzig
2021-09-02 04:00:00,23,12,0.0,11.6,5,16,12:36 AM,06:06 PM,06:25 AM,07:54 PM,9,13,12,13,6,5,81,0.0,1027,12,10,317,3,leipzig
2021-09-02 05:00:00,23,12,0.0,11.6,5,16,12:36 AM,06:06 PM,06:25 AM,07:54 PM,9,12,12,12,7,5,82,0.0,1027,12,10,314,3,leipzig
2021-09-02 06:00:00,23,12,0.0,11.6,5,16,12:36 AM,06:06 PM,06:25 AM,07:54 PM,10,12,12,12,9,5,84,0.0,1027,12,10,311,4,leipzig
2021-09-02 07:00:00,23,12,0.0,11.6,5,16,12:36 AM,06:06 PM,06:25 AM,07:54 PM,10,14,14,14,8,9,77,0.0,1027,14,10,320,5,leipzig
2021-09-02 08:00:00,23,12,0.0,11.6,5,16,12:36 AM,06:06 PM,06:25 AM,07:54 PM,10,15,15,15,7,13,71,0.0,1027,15,10,329,5,leipzig
2021-09-02 09:00:00,23,12,0.0,11.6,5,16,12:36 AM,06:06 PM,06:25 AM,07:54 PM,10,17,17,17,6,17,65,0.0,1027,17,10,339,5,leipzig
2021-09-02 10:00:00,23,12,0.0,11.6,5,16,12:36 AM,06:06 PM,06:25 AM,07:54 PM,10,18,19,18,7,15,60,0.0,1027,18,10,239,6,leipzig
2021-09-02 11:00:00,23,12,0.0,11.6,5,16,12:36 AM,06:06 PM,06:25 AM,07:54 PM,10,20,22,20,8,14,55,0.0,1027,20,10,139,7,leipzig
2021-09-02 12:00:00,23,12,0.0,11.6,5,16,12:36 AM,06:06 PM,06:25 AM,07:54 PM,10,21,24,21,9,12,49,0.0,1027,21,10,39,8,leipzig
2021-09-02 13:00:00,23,12,0.0,11.6,5,16,12:36 AM,06:06 PM,06:25 AM,07:54 PM,10,22,24,22,10,10,48,0.0,1026,22,10,48,9,leipzig
2021-09-02 14:00:00,23,12,0.0,11.6,5,16,12:36 AM,06:06 PM,06:25 AM,07:54 PM,10,24,24,22,10,8,46,0.0,1026,22,10,57,9,leipzig
2021-09-02 15:00:00,23,12,0.0,11.6,5,16,12:36 AM,06:06 PM,06:25 AM,07:54 PM,10,25,25,23,11,6,44,0.0,1025,23,10,66,10,leipzig
2021-09-02 16:00:00,23,12,0.0,11.6,5,16,12:36 AM,06:06 PM,06:25 AM,07:54 PM,11,23,23,22,12,7,49,0.0,1025,22,10,76,9,leipzig
2021-09-02 17:00:00,23,12,0.0,11.6,5,16,12:36 AM,06:06 PM,06:25 AM,07:54 PM,12,21,22,21,13,7,55,0.0,1025,21,10,86,9,leipzig
2021-09-02 18:00:00,23,12,0.0,11.6,5,16,12:36 AM,06:06 PM,06:25 AM,07:54 PM,12,21,21,21,14,8,60,0.0,1025,21,10,96,9,leipzig
2021-09-02 19:00:00,23,12,0.0,11.6,5,16,12:36 AM,06:06 PM,06:25 AM,07:54 PM,12,19,19,19,13,7,62,0.0,1025,19,10,98,8,leipzig
2021-09-02 20:00:00,23,12,0.0,11.6,5,16,12:36 AM,06:06 PM,06:25 AM,07:54 PM,11,18,18,18,13,7,65,0.0,1025,18,10,100,7,leipzig
2021-09-02 21:00:00,23,12,0.0,11.6,5,16,12:36 AM,06:06 PM,06:25 AM,07:54 PM,10,16,16,16,12,6,67,0.0,1025,16,10,102,6,leipzig
2021-09-02 22:00:00,23,12,0.0,11.6,5,16,12:36 AM,06:06 PM,06:25 AM,07:54 PM,11,16,16,16,14,4,69,0.0,1025,16,10,126,6,leipzig
2021-09-02 23:00:00,23,12,0.0,11.6,5,16,12:36 AM,06:06 PM,06:25 AM,07:54 PM,11,16,16,16,15,2,71,0.0,1024,16,10,151,7,leipzig
2021-09-03 00:00:00,25,14,0.0,11.6,6,8,01:33 AM,06:47 PM,06:27 AM,07:52 PM,11,16,16,16,17,0,73,0.0,1024,16,10,175,8,leipzig
2021-09-03 01:00:00,25,14,0.0,11.6,6,8,01:33 AM,06:47 PM,06:27 AM,07:52 PM,11,15,15,15,16,0,74,0.0,1023,15,10,186,7,leipzig
2021-09-03 02:00:00,25,14,0.0,11.6,6,8,01:33 AM,06:47 PM,06:27 AM,07:52 PM,11,15,15,15,15,0,76,0.0,1023,15,10,197,7,leipzig
2021-09-03 03:00:00,25,14,0.0,11.6,6,8,01:33 AM,06:47 PM,06:27 AM,07:52 PM,11,15,15,15,14,0,77,0.0,1022,15,10,208,6,leipzig
2021-09-03 04:00:00,25,14,0.0,11.6,6,8,01:33 AM,06:47 PM,06:27 AM,07:52 PM,11,14,14,14,15,0,78,0.0,1022,14,10,209,7,leipzig
2021-09-03 05:00:00,25,14,0.0,11.6,6,8,01:33 AM,06:47 PM,06:27 AM,07:52 PM,11,14,14,14,16,0,79,0.0,1022,14,10,209,8,leipzig
2021-09-03 06:00:00,25,14,0.0,11.6,6,8,01:33 AM,06:47 PM,06:27 AM,07:52 PM,11,14,14,14,17,0,80,0.0,1021,14,10,209,8,leipzig
2021-09-03 07:00:00,25,14,0.0,11.6,6,8,01:33 AM,06:47 PM,06:27 AM,07:52 PM,11,16,16,16,15,0,74,0.0,1021,16,10,220,9,leipzig
2021-09-03 08:00:00,25,14,0.0,11.6,6,8,01:33 AM,06:47 PM,06:27 AM,07:52 PM,11,17,18,17,14,0,68,0.0,1021,18,10,230,9,leipzig
2021-09-03 09:00:00,25,14,0.0,11.6,6,8,01:33 AM,06:47 PM,06:27 AM,07:52 PM,12,19,19,19,12,0,62,0.0,1020,19,10,241,9,leipzig
2021-09-03 10:00:00,25,14,0.0,11.6,6,8,01:33 AM,06:47 PM,06:27 AM,07:52 PM,12,21,21,21,12,0,57,0.0,1020,21,10,254,9,leipzig
2021-09-03 11:00:00,25,14,0.0,11.6,6,8,01:33 AM,06:47 PM,06:27 AM,07:52 PM,12,23,23,23,11,0,53,0.0,1020,23,10,266,10,leipzig
2021-09-03 12:00:00,25,14,0.0,11.6,6,8,01:33 AM,06:47 PM,06:27 AM,07:52 PM,13,25,25,24,11,0,49,0.0,1019,24,10,279,10,leipzig
2021-09-03 13:00:00,25,14,0.0,11.6,6,8,01:33 AM,06:47 PM,06:27 AM,07:52 PM,13,25,25,24,12,0,47,0.0,1019,24,10,289,10,leipzig
2021-09-03 14:00:00,25,14,0.0,11.6,6,8,01:33 AM,06:47 PM,06:27 AM,07:52 PM,12,26,26,25,12,0,46,0.0,1018,25,10,299,10,leipzig
2021-09-03 15:00:00,25,14,0.0,11.6,6,8,01:33 AM,06:47 PM,06:27 AM,07:52 PM,12,26,26,25,13,0,45,0.0,1018,25,10,309,11,leipzig
2021-09-03 16:00:00,25,14,0.0,11.6,6,8,01:33 AM,06:47 PM,06:27 AM,07:52 PM,13,25,25,24,14,1,50,0.0,1017,24,10,318,11,leipzig
2021-09-03 17:00:00,25,14,0.0,11.6,6,8,01:33 AM,06:47 PM,06:27 AM,07:52 PM,14,25,25,23,16,2,56,0.0,1017,23,10,327,11,leipzig
2021-09-03 18:00:00,25,14,0.0,11.6,6,8,01:33 AM,06:47 PM,06:27 AM,07:52 PM,14,22,25,22,18,3,62,0.0,1017,22,10,335,11,leipzig
2021-09-03 19:00:00,25,14,0.0,11.6,6,8,01:33 AM,06:47 PM,06:27 AM,07:52 PM,13,20,22,20,18,2,64,0.0,1017,20,10,334,10,leipzig
2021-09-03 20:00:00,25,14,0.0,11.6,6,8,01:33 AM,06:47 PM,06:27 AM,07:52 PM,12,19,20,19,17,1,66,0.0,1018,19,10,332,9,leipzig
2021-09-03 21:00:00,25,14,0.0,11.6,6,8,01:33 AM,06:47 PM,06:27 AM,07:52 PM,11,17,17,17,17,0,68,0.0,1018,17,10,330,8,leipzig
2021-09-03 22:00:00,25,14,0.0,11.6,6,8,01:33 AM,06:47 PM,06:27 AM,07:52 PM,11,16,16,16,18,0,72,0.0,1018,16,10,331,9,leipzig
2021-09-03 23:00:00,25,14,0.0,11.6,6,8,01:33 AM,06:47 PM,06:27 AM,07:52 PM,11,15,15,15,19,0,76,0.0,1019,15,10,331,9,leipzig
