,maxtempC,mintempC,uvIndex,HeatIndexC,WindGustKmph,humidity,tempC,windspeedKmph,Brent_Prices,Henry_Hub_Price,WTI_Prices,elec_price
2021-08-04 00:00:00,20,14,4,15,17,90,15,9,70.99,4.2,68.19,86.1
2021-08-04 01:00:00,20,14,4,15,18,90,15,9,71.09068479303845,4.206137403209866,68.26764912280127,80.23
2021-08-04 02:00:00,20,14,4,14,20,91,14,10,71.1867810533489,4.2119947423724975,68.34184324941693,77.02
2021-08-04 03:00:00,20,14,4,14,21,91,14,11,71.2782887809314,4.217572017487894,68.41258237984697,76.54
2021-08-04 04:00:00,20,14,4,14,19,89,14,11,71.3652079757859,4.222869228556058,68.47986651409138,77.51
2021-08-04 05:00:00,20,14,4,14,18,87,14,10,71.44753863791242,4.227886375576984,68.54369565215018,83.3
2021-08-04 06:00:00,20,14,4,15,16,85,15,10,71.52528076731096,4.232623458550677,68.60406979402336,96.18
2021-08-04 07:00:00,20,14,4,16,16,81,16,11,71.59843436398153,4.237080477477134,68.66098893971092,108.11
2021-08-04 08:00:00,20,14,4,17,15,77,17,11,71.6669994279241,4.241257432356358,68.71445308921287,123.01
2021-08-04 09:00:00,20,14,4,18,15,73,18,12,71.73097595913869,4.245154323188345,68.7644622425292,114.68
2021-08-04 10:00:00,20,14,4,18,15,70,18,12,71.79036395762532,4.248771149973099,68.81101639965992,110.77
2021-08-04 11:00:00,20,14,4,19,16,68,19,12,71.84516342338397,4.252107912710618,68.85411556060501,101.98
2021-08-04 12:00:00,20,14,4,20,16,65,20,13,71.8953743564146,4.255164611400902,68.89375972536448,98.44
2021-08-04 13:00:00,20,14,4,20,17,63,20,13,71.94099675671728,4.257941246043951,68.92994889393835,95.91
2021-08-04 14:00:00,20,14,4,20,18,61,20,13,71.98203062429198,4.260437816639766,68.96268306632658,90.83
2021-08-04 15:00:00,20,14,4,20,19,60,20,14,72.0184759591387,4.262654323188345,68.99196224252918,90.02
2021-08-04 16:00:00,20,14,4,19,21,63,19,14,72.05033276125744,4.26459076568969,69.0177864225462,88.91
2021-08-04 17:00:00,20,14,4,18,23,67,18,15,72.07760103064818,4.266247144143801,69.04015560637758,95.97
2021-08-04 18:00:00,20,14,4,18,25,70,18,15,72.10028076731096,4.267623458550676,69.05906979402334,107.46
2021-08-04 19:00:00,20,14,4,17,24,74,17,15,72.11837197124574,4.268719708910316,69.07452898548348,128.83
2021-08-04 20:00:00,20,14,4,16,24,78,16,14,72.13187464245256,4.269535895222724,69.08653318075804,123.92
2021-08-04 21:00:00,20,14,4,15,23,81,15,14,72.14078878093139,4.2700720174878946,69.09508237984694,110.09
2021-08-04 22:00:00,20,14,4,15,23,83,15,12,72.14511438668224,4.270328075705831,69.10017658275025,99.22
2021-08-04 23:00:00,20,14,4,15,22,85,15,11,72.14485145970511,4.270304069876533,69.10181578946793,90.03
2021-08-05 00:00:00,22,13,4,14,21,87,14,10,72.14,4.27,69.1,85.53
2021-08-05 01:00:00,22,13,4,14,20,87,14,10,72.1305600075669,4.269415866076232,69.09472921434643,80.99
2021-08-05 02:00:00,22,13,4,14,18,88,14,9,72.1165314824058,4.268551668105229,69.08600343250725,78.15
2021-08-05 03:00:00,22,13,4,13,17,88,13,9,72.09791442451677,4.267407406086992,69.07382265448246,78.02
2021-08-05 04:00:00,22,13,4,14,15,86,14,8,72.07470883389973,4.26598308002152,69.05818688027205,78.68
2021-08-05 05:00:00,22,13,4,14,13,83,14,8,72.04691471055472,4.264278689908814,69.03909610987601,82.89
2021-08-05 06:00:00,22,13,4,15,11,81,15,8,72.01453205448172,4.262294235748873,69.01655034329437,98.02
2021-08-05 07:00:00,22,13,4,16,11,76,16,8,71.97756086568073,4.260029717541696,68.9905495805271,124.94
2021-08-05 08:00:00,22,13,4,17,10,71,17,8,71.93600114415179,4.257485135287285,68.96109382157422,126.06
2021-08-05 09:00:00,22,13,4,18,10,66,18,8,71.88985288989484,4.25466048898564,68.92818306643572,115.28
2021-08-05 10:00:00,22,13,4,20,10,62,19,8,71.83911610290991,4.251555778636759,68.8918173151116,108.14
2021-08-05 11:00:00,22,13,4,21,10,58,20,8,71.78379078319702,4.248171004240643,68.85199656760186,101.0
2021-08-05 12:00:00,22,13,4,23,10,54,21,8,71.72387693075613,4.244506165797294,68.80872082390651,99.0
2021-08-05 13:00:00,22,13,4,23,8,53,22,7,71.6619647876103,4.240778741717871,68.76365729099024,88.79
2021-08-05 14:00:00,22,13,4,24,6,51,22,5,71.60064459578254,4.237206210413534,68.71847317581772,82.99
2021-08-05 15:00:00,22,13,4,25,4,50,22,4,71.53991635527291,4.233788571884286,68.673168478389,81.48
2021-08-05 16:00:00,22,13,4,24,5,53,22,4,71.47978006608135,4.230525826130127,68.62774319870402,84.96
2021-08-05 17:00:00,22,13,4,23,5,56,21,4,71.42023572820787,4.227417973151054,68.58219733676283,91.59
2021-08-05 18:00:00,22,13,4,22,6,59,21,4,71.36128334165248,4.224465012947069,68.5365308925654,107.36
2021-08-05 19:00:00,22,13,4,21,8,62,20,5,71.30292290641519,4.221666945518172,68.49074386611174,110.83
2021-08-05 20:00:00,22,13,4,20,9,64,20,6,71.24515442249597,4.219023770864361,68.44483625740185,111.48
2021-08-05 21:00:00,22,13,4,19,10,66,19,6,71.18797788989485,4.216535488985641,68.39880806643575,97.05
2021-08-05 22:00:00,22,13,4,18,11,73,18,6,71.1313933086118,4.214202099882006,68.35265929321338,83.0
2021-08-05 23:00:00,22,13,4,17,11,79,17,6,71.07540067864684,4.212023603553459,68.30638993773479,70.6
2021-08-06 00:00:00,24,15,5,16,11,86,16,6,71.02,4.21,68.26,64.61
2021-08-06 01:00:00,24,15,5,16,12,87,16,7,70.9651912726712,4.20813128922163,68.21348948000895,63.01
2021-08-06 02:00:00,24,15,5,15,13,88,15,7,70.91097449666051,4.206417471218345,68.16685837776168,62.42
2021-08-06 03:00:00,24,15,5,15,14,89,15,8,70.85734967196791,4.20485854599015,68.12010669325818,63.18
2021-08-06 04:00:00,24,15,5,15,15,87,15,8,70.8043167985934,4.203454513537042,68.07323442649846,63.31
2021-08-06 05:00:00,24,15,5,15,15,85,15,9,70.75187587653697,4.20220537385902,68.0262415774825,66.0
2021-08-06 06:00:00,24,15,5,16,15,83,16,10,70.70002690579865,4.201111126956088,67.97912814621031,80.64
2021-08-06 07:00:00,24,15,5,17,15,78,17,11,70.64876988637839,4.200171772828243,67.93189413268188,89.0
2021-08-06 08:00:00,24,15,5,18,15,73,18,12,70.59810481827624,4.199387311475486,67.88453953689724,94.15
2021-08-06 09:00:00,24,15,5,19,15,69,19,13,70.54803170149216,4.198757742897817,67.83706435885635,85.37
2021-08-06 10:00:00,24,15,5,21,16,63,21,14,70.49855053602619,4.198283067095234,67.78946859855925,76.95
2021-08-06 11:00:00,24,15,5,22,17,57,22,15,70.44966132187828,4.1979632840677406,67.74175225600592,68.45
2021-08-06 12:00:00,24,15,5,24,18,51,23,16,70.40136405904848,4.197798393815334,67.69391533119634,64.27
2021-08-06 13:00:00,24,15,5,24,18,49,23,15,70.35365874753674,4.197788396338014,67.64595782413053,59.15
2021-08-06 14:00:00,24,15,5,25,18,47,24,15,70.30654538734309,4.197933291635783,67.59787973480852,55.08
2021-08-06 15:00:00,24,15,5,25,18,45,24,14,70.26002397846757,4.19823307970864,67.54968106323025,55.56
2021-08-06 16:00:00,24,15,5,24,18,50,24,14,70.2140945209101,4.198687760556584,67.50136180939576,58.55
2021-08-06 17:00:00,24,15,5,23,19,55,23,13,70.16875701467073,4.199297334179616,67.45292197330502,64.41
2021-08-06 18:00:00,24,15,5,22,20,60,22,13,70.12401145974944,4.2000618005777355,67.40436155495809,77.36
2021-08-06 19:00:00,24,15,5,21,21,66,21,13,70.07985785614625,4.200981159750943,67.3556805543549,84.81
2021-08-06 20:00:00,24,15,5,19,21,72,19,12,70.03629620386114,4.202055411699238,67.3068789714955,84.23
2021-08-06 21:00:00,24,15,5,18,22,78,18,12,69.99332650289412,4.203284556422621,67.25795680637987,80.98
2021-08-06 22:00:00,24,15,5,17,24,81,17,13,69.95094875324517,4.20466859392109,67.20891405900798,79.24
2021-08-06 23:00:00,24,15,5,16,26,84,16,13,69.90916295491434,4.206207524194649,67.15975072937988,67.56
2021-08-07 00:00:00,25,14,6,15,28,87,15,14,69.86796910790159,4.207901347243295,67.11046681749556,64.53
2021-08-07 01:00:00,25,14,6,15,27,88,15,13,69.8273672122069,4.209750063067027,67.06106232335497,59.03
2021-08-07 02:00:00,25,14,6,15,25,89,15,13,69.78735726783032,4.211753671665848,67.0115372469582,57.78
2021-08-07 03:00:00,25,14,6,14,24,90,14,12,69.74793927477184,4.213912173039757,66.96189158830518,56.87
2021-08-07 04:00:00,25,14,6,15,22,87,15,12,69.70911323303142,4.216225567188753,66.91212534739593,57.84
2021-08-07 05:00:00,25,14,6,15,20,85,15,12,69.67087914260911,4.218693854112838,66.86223852423045,60.51
2021-08-07 06:00:00,25,14,6,16,18,83,16,11,69.63323700350489,4.22131703381201,66.81223111880874,60.56
2021-08-07 07:00:00,25,14,6,18,17,76,17,11,69.59618681571872,4.224095106286268,66.76210313113077,62.31
2021-08-07 08:00:00,25,14,6,20,15,69,18,12,69.55972857925069,4.227028071535617,66.71185456119663,63.99
2021-08-07 09:00:00,25,14,6,22,14,63,20,12,69.52386229410071,4.230115929560052,66.66148540900622,59.9
2021-08-07 10:00:00,25,14,6,23,14,58,21,11,69.48858796026883,4.233358680359574,66.61099567455959,56.14
2021-08-07 11:00:00,25,14,6,24,13,52,22,11,69.45390557775504,4.236756323934184,66.56038535785673,53.7
2021-08-07 12:00:00,25,14,6,25,12,47,24,10,69.41981514655933,4.240308860283882,66.50965445889764,53.53
2021-08-07 13:00:00,25,14,6,25,10,46,24,8,69.38713703766831,4.243837771849192,66.46031298206987,51.42
2021-08-07 14:00:00,25,14,6,25,7,45,25,6,69.35669162206861,4.247164541070635,66.41387093176101,53.06
2021-08-07 15:00:00,25,14,6,26,5,44,25,4,69.32847889976019,4.250289167948215,66.37032830797102,52.9
2021-08-07 16:00:00,25,14,6,26,12,52,24,9,69.30249887074308,4.25321165248193,66.32968511069994,56.24
2021-08-07 17:00:00,25,14,6,26,19,59,24,13,69.27875153501724,4.255931994671777,66.29194133994774,68.29
2021-08-07 18:00:00,25,14,6,26,26,67,23,18,69.25723689258272,4.258450194517761,66.25709699571443,76.2
2021-08-07 19:00:00,25,14,6,24,25,74,22,17,69.23795494343948,4.260766252019881,66.22515207800004,79.83
2021-08-07 20:00:00,25,14,6,23,23,82,21,16,69.22090568758755,4.262880167178133,66.19610658680452,74.9
2021-08-07 21:00:00,25,14,6,22,22,90,19,15,69.2060891250269,4.264791939992523,66.16996052212788,69.0
2021-08-07 22:00:00,25,14,6,20,21,91,18,15,69.19350525575757,4.266501570463046,66.14671388397015,64.19
2021-08-07 23:00:00,25,14,6,18,21,93,17,14,69.18315407977953,4.268009058589703,66.1263666723313,58.02
2021-08-08 00:00:00,21,15,4,16,20,94,16,14,69.1750355970928,4.269314404372497,66.10891888721136,15.84
2021-08-08 01:00:00,21,15,4,16,21,93,16,14,69.16914980769734,4.270417607811424,66.0943705286103,1.25
2021-08-08 02:00:00,21,15,4,15,22,92,15,15,69.16549671159319,4.2713186689064875,66.08272159652812,0.67
2021-08-08 03:00:00,21,15,4,15,24,91,15,15,69.16407630878034,4.272017587657686,66.07397209096486,0.51
2021-08-08 04:00:00,21,15,4,15,26,89,15,17,69.16488859925877,4.272514364065018,66.06812201192045,-0.13
2021-08-08 05:00:00,21,15,4,15,29,87,15,19,69.16793358302851,4.272808998128485,66.06517135939497,-0.08
2021-08-08 06:00:00,21,15,4,16,31,85,16,21,69.17321126008954,4.272901489848088,66.06512013338836,-0.21
2021-08-08 07:00:00,21,15,4,17,32,80,17,23,69.1807216304419,4.272791839223825,66.06796833390065,-0.44
2021-08-08 08:00:00,21,15,4,18,32,74,18,24,69.19046469408552,4.272480046255699,66.07371596093185,-0.17
2021-08-08 09:00:00,21,15,4,19,33,68,19,26,69.20244045102045,4.271966110943706,66.08236301448191,-4.37
2021-08-08 10:00:00,21,15,4,20,34,64,20,27,69.21664890124667,4.271250033287847,66.09390949455087,-9.86
2021-08-08 11:00:00,21,15,4,22,34,59,20,29,69.2330900447642,4.2703318132881245,66.10835540113874,-14.0
2021-08-08 12:00:00,21,15,4,23,35,55,21,30,69.25176388157301,4.269211450944536,66.12570073424547,-20.06
2021-08-08 13:00:00,21,15,4,23,36,54,21,30,69.27267041167313,4.267888946257083,66.14594549387112,-43.3
2021-08-08 14:00:00,21,15,4,22,36,54,21,30,69.29580963506453,4.266364299225764,66.16908968001563,-63.03
2021-08-08 15:00:00,21,15,4,22,36,53,21,29,69.32118155174726,4.264637509850581,66.19513329267907,-52.43
2021-08-08 16:00:00,21,15,4,21,36,57,20,27,69.34878616172126,4.262708578131533,66.22407633186138,-28.6
2021-08-08 17:00:00,21,15,4,20,36,60,20,26,69.37862346498656,4.2605775040686185,66.25591879756259,-4.37
2021-08-08 18:00:00,21,15,4,19,36,64,19,24,69.41069346154316,4.2582442876618405,66.29066068978268,40.14
2021-08-08 19:00:00,21,15,4,18,36,67,18,23,69.44499615139105,4.255708928911196,66.32830200852167,61.75
2021-08-08 20:00:00,21,15,4,17,35,70,17,22,69.48153153453026,4.2529714278166875,66.36884275377956,68.05
2021-08-08 21:00:00,21,15,4,16,35,73,16,21,69.52029961096075,4.250031784378313,66.41228292555633,65.9
2021-08-08 22:00:00,21,15,4,16,33,74,16,19,69.56130038068252,4.246889998596074,66.458622523852,63.73
2021-08-08 23:00:00,21,15,4,15,32,75,15,18,69.60453384369563,4.243546070469971,66.50786154866657,56.58
2021-08-09 00:00:00,23,13,5,14,30,75,14,17,69.65,4.24,66.56,44.04
2021-08-09 01:00:00,23,13,5,14,29,78,14,16,69.6976988495957,4.236251787186166,66.61503787785234,39.2
2021-08-09 02:00:00,23,13,5,13,28,80,13,15,69.74763039248266,4.232301432028466,66.67297518222358,38.27
2021-08-09 03:00:00,23,13,5,13,27,82,13,14,69.79979462866093,4.228148934526901,66.7338119131137,31.92
2021-08-09 04:00:00,23,13,5,13,25,80,13,14,69.85419155813051,4.223794294681472,66.79754807052272,37.33
2021-08-09 05:00:00,23,13,5,14,24,79,14,14,69.91082118089136,4.219237512492177,66.86418365445061,50.86
2021-08-09 06:00:00,23,13,5,14,22,77,14,14,69.96968349694356,4.214478587959018,66.93371866489744,72.21
2021-08-09 07:00:00,23,13,5,16,22,71,16,15,70.030778506287,4.209517521081993,67.0061531018631,82.39
2021-08-09 08:00:00,23,13,5,17,21,65,17,16,70.09410620892176,4.204354311861102,67.0814869653477,86.9
2021-08-09 09:00:00,23,13,5,18,21,59,18,17,70.15966660484781,4.198988960296347,67.15972025535117,79.13
2021-08-09 10:00:00,23,13,5,20,21,54,20,18,70.22745969406517,4.1934214663877265,67.24085297187352,65.49
2021-08-09 11:00:00,23,13,5,21,21,49,21,18,70.29748547657381,4.18765183013524,67.32488511491479,58.02
2021-08-09 12:00:00,23,13,5,23,21,43,22,18,70.36974395237377,4.1816800515388906,67.41181668447494,59.32
2021-08-09 13:00:00,23,13,5,23,22,43,22,18,70.44235320661298,4.175684938893388,67.49920913341738,54.24
2021-08-09 14:00:00,23,13,5,24,23,42,23,18,70.51343132443938,4.169845300493449,67.58462391460552,50.85
2021-08-09 15:00:00,23,13,5,24,24,41,23,18,70.58297830585302,4.164161136339073,67.66806102803936,54.97
2021-08-09 16:00:00,23,13,5,24,22,45,22,15,70.65099415085382,4.158632446430259,67.74952047371886,56.95
2021-08-09 17:00:00,23,13,5,23,20,48,22,13,70.71747885944187,4.1532592307670075,67.82900225164407,74.96
2021-08-09 18:00:00,23,13,5,22,18,52,21,11,70.78243243161712,4.148041489349319,67.90650636181499,91.37
2021-08-09 19:00:00,23,13,5,21,18,56,21,11,70.84585486737957,4.142979222177192,67.9820328042316,102.91
2021-08-09 20:00:00,23,13,5,20,19,59,20,10,70.90774616672924,4.138072429250629,68.0555815788939,107.61
2021-08-09 21:00:00,23,13,5,19,20,63,19,10,70.96810632966613,4.133321110569629,68.12715268580189,103.0
2021-08-09 22:00:00,23,13,5,18,21,69,18,10,71.02693535619021,4.1287252661341896,68.19674612495555,96.34
2021-08-09 23:00:00,23,13,5,16,21,75,16,11,71.0842332463015,4.124284895944315,68.26436189635493,83.65
2021-08-10 00:00:00,24,14,5,15,22,81,15,11,71.14,4.12,68.33,73.65
2021-08-10 01:00:00,24,14,5,15,22,82,15,11,71.19423561728571,4.11587057830125,68.39366043589077,70.96
2021-08-10 02:00:00,24,14,5,14,21,83,14,11,71.24694009815865,4.1118966308480625,68.45534320402722,67.29
2021-08-10 03:00:00,24,14,5,14,21,84,14,11,71.29811344261879,4.108078157640437,68.51504830440936,64.62
2021-08-10 04:00:00,24,14,5,15,20,82,15,11,71.34775565066613,4.104415158678374,68.5727757370372,66.93
2021-08-10 05:00:00,24,14,5,15,19,80,15,11,71.39586672230067,4.100907633961874,68.62852550191074,70.47
2021-08-10 06:00:00,24,14,5,16,18,77,16,12,71.44244665752245,4.097555583490937,68.68229759902998,85.96
2021-08-10 07:00:00,24,14,5,18,17,71,17,12,71.4874954563314,4.094359007265561,68.73409202839488,105.23
2021-08-10 08:00:00,24,14,5,20,16,65,18,12,71.5310131187276,4.09131790528575,68.7839087900055,115.0
2021-08-10 09:00:00,24,14,5,22,15,59,20,13,71.57299964471099,4.088432277551499,68.83174788386182,106.35
2021-08-10 10:00:00,24,14,5,23,15,55,21,12,71.61345503428159,4.085702124062813,68.87760930996382,97.28
2021-08-10 11:00:00,24,14,5,24,14,52,22,11,71.6523792874394,4.083127444819689,68.92149306831152,88.12
2021-08-10 12:00:00,24,14,5,25,13,48,23,10,71.68977240418442,4.080708239822126,68.9633991589049,84.6
2021-08-10 13:00:00,24,14,5,25,15,47,23,12,71.72543257087133,4.0784875314937015,69.00324415006907,79.91
2021-08-10 14:00:00,24,14,5,25,16,46,23,13,71.75915797385478,4.076508342257989,69.04094461012905,74.07
2021-08-10 15:00:00,24,14,5,25,18,45,24,14,71.7909486131348,4.074770672114988,69.07650053908489,75.49
2021-08-10 16:00:00,24,14,5,24,21,52,23,15,71.82080448871137,4.073274521064698,69.10991193693653,80.35
2021-08-10 17:00:00,24,14,5,24,24,59,22,17,71.8487256005845,4.0720198891071195,69.14117880368404,89.51
2021-08-10 18:00:00,24,14,5,24,27,65,21,18,71.8747119487542,4.071006776242253,69.17030113932738,104.54
2021-08-10 19:00:00,24,14,5,22,25,72,20,17,71.89876353322043,4.070235182470098,69.19727894386656,116.29
2021-08-10 20:00:00,24,14,5,20,23,78,18,15,71.92088035398322,4.069705107790655,69.22211221730156,137.06
2021-08-10 21:00:00,24,14,5,18,21,85,17,14,71.94106241104258,4.069416552203924,69.24480095963241,120.0
2021-08-10 22:00:00,24,14,5,17,20,87,17,12,71.95930970439849,4.069369515709904,69.2653451708591,111.6
2021-08-10 23:00:00,24,14,5,16,18,90,16,11,71.97562223405096,4.069563998308596,69.28374485098163,92.25
2021-08-11 00:00:00,24,15,5,15,17,93,15,9,71.99,4.07,69.3,91.07
2021-08-11 01:00:00,24,15,5,15,17,93,15,9,72.00244300224557,4.070677520784114,69.3141106179142,85.1
2021-08-11 02:00:00,24,15,5,15,18,93,15,9,72.01295124078771,4.071596560660941,69.32607670472423,83.93
2021-08-11 03:00:00,24,15,5,15,18,93,15,9,72.0215247156264,4.07275711963048,69.33589826043011,82.1
2021-08-11 04:00:00,24,15,5,15,16,90,15,9,72.02816342676165,4.07415919769273,69.3435752850318,82.32
2021-08-11 05:00:00,24,15,5,15,15,88,15,9,72.03286737419347,4.075802794847692,69.34910777852936,88.51
2021-08-11 06:00:00,24,15,5,16,13,85,16,9,72.03563655792183,4.077687911095365,69.35249574092275,107.95
2021-08-11 07:00:00,24,15,5,17,13,78,17,9,72.03647097794673,4.079814546435751,69.35373917221196,133.87
2021-08-11 08:00:00,24,15,5,18,13,71,18,10,72.03537063426822,4.082182700868847,69.35283807239702,121.61
2021-08-11 09:00:00,24,15,5,19,12,64,19,10,72.03233552688626,4.084792374394656,69.34979244147792,108.98
2021-08-11 10:00:00,24,15,5,21,13,59,20,11,72.02736565580085,4.087643567013176,69.34460227945465,92.97
2021-08-11 11:00:00,24,15,5,22,15,53,22,12,72.02046102101198,4.090736278724409,69.33726758632721,88.63
2021-08-11 12:00:00,24,15,5,23,16,48,23,14,72.0116216225197,4.094070509528351,69.32778836209562,84.6
2021-08-11 13:00:00,24,15,5,24,17,46,23,14,72.00109303482573,4.09727876103329,69.31667318839048,82.21
2021-08-11 14:00:00,24,15,5,24,18,44,23,15,71.9891208324319,4.099993534847507,69.3044306468424,80.29
2021-08-11 15:00:00,24,15,5,25,20,42,24,16,71.97570501533816,4.102214830971002,69.29106073745137,82.96
2021-08-11 16:00:00,24,15,5,24,20,46,23,15,71.96084558354457,4.103942649403777,69.27656346021742,88.05
2021-08-11 17:00:00,24,15,5,23,20,50,22,14,71.94454253705106,4.1051769901458295,69.2609388151405,104.47
2021-08-11 18:00:00,24,15,5,22,20,54,21,13,71.92679587585772,4.105917853197162,69.2441868022207,115.0
2021-08-11 19:00:00,24,15,5,21,17,59,20,11,71.90760559996446,4.106165238557771,69.2263074214579,128.46
2021-08-11 20:00:00,24,15,5,20,14,64,19,9,71.88697170937132,4.105919146227659,69.20730067285221,139.89
2021-08-11 21:00:00,24,15,5,18,12,69,18,7,71.86489420407833,4.105179576206827,69.18716655640357,125.01
2021-08-11 22:00:00,24,15,5,18,11,69,18,6,71.84137308408543,4.103946528495273,69.165905072112,117.0
2021-08-11 23:00:00,24,15,5,17,10,69,17,5,71.81640834939266,4.102220003092997,69.14351621997746,103.0
2021-08-12 00:00:00,27,16,6,17,9,68,17,5,71.79,4.1,69.12,96.67
2021-08-12 01:00:00,27,16,6,16,9,70,16,4,71.76214803590747,4.097286519216281,69.09535641217961,91.7
2021-08-12 02:00:00,27,16,6,16,8,71,16,4,71.73285245711506,4.094079560741841,69.06958545651628,90.05
2021-08-12 03:00:00,27,16,6,16,8,73,16,4,71.70211326362276,4.090379124576681,69.04268713301002,87.0
2021-08-12 04:00:00,27,16,6,16,8,71,16,4,71.66993045543057,4.086185210720798,69.01466144166079,84.64
2021-08-12 05:00:00,27,16,6,17,8,70,17,5,71.63630403253852,4.081497819174193,68.98550838246865,87.02
2021-08-12 06:00:00,27,16,6,17,8,69,17,5,71.60123399494658,4.076316949936868,68.95522795543357,106.92
2021-08-12 07:00:00,27,16,6,19,8,65,19,6,71.56472034265477,4.070642603008821,68.92382016055555,120.0
2021-08-12 08:00:00,27,16,6,21,8,60,20,6,71.52676307566306,4.064474778390053,68.89128499783459,120.77
2021-08-12 09:00:00,27,16,6,23,8,56,22,6,71.48736219397148,4.057813476080563,68.8576224672707,109.0
2021-08-12 10:00:00,27,16,6,24,8,52,23,6,71.44651769758,4.050658696080351,68.82283256886384,102.72
2021-08-12 11:00:00,27,16,6,25,8,48,24,6,71.40422958648865,4.043010438389418,68.78691530261408,98.06
2021-08-12 12:00:00,27,16,6,26,8,44,26,6,71.36049786069744,4.034868703007764,68.74987066852137,95.0
2021-08-12 13:00:00,27,16,6,26,8,42,26,7,71.31655088684096,4.026589902306557,68.7126889418103,91.94
2021-08-12 14:00:00,27,16,6,27,8,41,27,7,71.27361703155388,4.018530448656968,68.6763603977055,92.99
2021-08-12 15:00:00,27,16,6,27,9,39,27,8,71.23169629483621,4.010690342058995,68.64088503620688,94.95
2021-08-12 16:00:00,27,16,6,27,9,42,27,7,71.19078867668793,4.00306958251264,68.60626285731452,100.91
2021-08-12 17:00:00,27,16,6,27,9,46,26,7,71.15089417710905,3.9956681700179004,68.57249386102839,111.4
2021-08-12 18:00:00,27,16,6,26,9,49,26,6,71.11201279609958,3.988486104574779,68.5395780473485,126.77
2021-08-12 19:00:00,27,16,6,26,9,51,25,5,71.07414453365948,3.981523386183273,68.50751541627483,144.94
2021-08-12 20:00:00,27,16,6,25,8,54,24,5,71.0372893897888,3.974780014843385,68.47630596780739,143.96
2021-08-12 21:00:00,27,16,6,25,8,56,23,4,71.00144736448749,3.968255990555113,68.44594970194619,133.34
2021-08-12 22:00:00,27,16,6,24,7,59,22,4,70.9666184577556,3.9619513133184587,68.41644661869123,119.0
2021-08-12 23:00:00,27,16,6,23,7,62,22,3,70.93280266959312,3.9558659831334215,68.38779671804251,107.12
2021-08-13 00:00:00,30,20,7,22,6,65,21,3,70.9,3.95,68.36,94.87
2021-08-13 01:00:00,30,20,7,21,6,67,21,3,70.8682104489763,3.9443533639181965,68.33305646456373,85.37
2021-08-13 02:00:00,30,20,7,21,6,69,21,3,70.83743401652198,3.9389260748880086,68.30696611173369,81.01
2021-08-13 03:00:00,30,20,7,20,6,71,20,3,70.80767070263708,3.933718132909438,68.28172894150988,79.96
2021-08-13 04:00:00,30,20,7,21,6,70,21,3,70.77892050732157,3.928729537982485,68.25734495389233,81.3
2021-08-13 05:00:00,30,20,7,22,5,68,21,3,70.75118343057544,3.9239602901071478,68.23381414888097,85.26
2021-08-13 06:00:00,30,20,7,23,5,67,21,4,70.72445947239872,3.919410389283428,68.21113652647587,112.86
2021-08-13 07:00:00,30,20,7,24,6,63,22,4,70.6987486327914,3.915079835511325,68.189312086677,123.98
2021-08-13 08:00:00,30,20,7,25,6,58,24,5,70.67405091175348,3.9109686287908394,68.16834082948436,121.93
2021-08-13 09:00:00,30,20,7,26,7,53,25,6,70.65036630928495,3.9070767691219697,68.14822275489796,109.66
2021-08-13 10:00:00,30,20,7,27,8,49,26,7,70.6276948253858,3.9034042565047167,68.12895786291777,99.98
2021-08-13 11:00:00,30,20,7,28,9,44,28,8,70.60603646005607,3.8999510909390818,68.11054615354384,88.02
2021-08-13 12:00:00,30,20,7,29,10,40,29,8,70.58539121329574,3.8967172724250627,68.09298762677614,83.75
2021-08-13 13:00:00,30,20,7,29,11,38,30,9,70.56575908510482,3.8937028009626617,68.07628228261466,74.05
2021-08-13 14:00:00,30,20,7,29,13,36,30,10,70.54714007548326,3.890907676551876,68.06043012105941,72.04
2021-08-13 15:00:00,30,20,7,30,14,34,30,12,70.52953418443111,3.8883318991927083,68.0454311421104,71.88
2021-08-13 16:00:00,30,20,7,29,15,38,29,11,70.51294141194836,3.885975468885157,68.03128534576763,72.58
2021-08-13 17:00:00,30,20,7,28,15,41,29,10,70.49736175803501,3.8838383856292227,68.01799273203109,86.13
2021-08-13 18:00:00,30,20,7,28,15,45,28,10,70.48279522269105,3.881920649424905,68.00555330090077,104.91
2021-08-13 19:00:00,30,20,7,27,14,48,27,8,70.46924180591648,3.880222260272204,67.99396705237669,117.48
2021-08-13 20:00:00,30,20,7,26,13,52,25,7,70.45670150771133,3.8787432181711208,67.98323398645884,115.68
2021-08-13 21:00:00,30,20,7,26,12,56,24,6,70.44517432807558,3.877483523121654,67.97335410314723,115.77
2021-08-13 22:00:00,30,20,7,25,13,61,23,7,70.43466026700918,3.8764431751238027,67.96432740244184,106.91
2021-08-13 23:00:00,30,20,7,23,15,66,22,8,70.42515932451222,3.875622174177569,67.9561538843427,92.19
2021-08-14 00:00:00,27,20,5,22,16,71,21,9,70.41667150058466,3.8750205202829537,67.94883354884979,78.02
2021-08-14 01:00:00,27,20,5,21,15,72,21,9,70.40919679522648,3.8746382134399537,67.94236639596309,75.66
2021-08-14 02:00:00,27,20,5,21,15,74,20,9,70.40273520843769,3.874475253648571,67.93675242568264,71.55
2021-08-14 03:00:00,27,20,5,20,14,75,20,9,70.39728674021832,3.8745316409088053,67.93199163800844,69.45
2021-08-14 04:00:00,27,20,5,20,12,76,20,9,70.39285139056832,3.8748073752206555,67.92808403294045,69.06
2021-08-14 05:00:00,27,20,5,20,11,77,20,8,70.38942915948775,3.875302456584124,67.9250296104787,69.2
2021-08-14 06:00:00,27,20,5,20,9,78,20,7,70.38702004697655,3.876016884999209,67.92282837062318,69.7
2021-08-14 07:00:00,27,20,5,21,10,74,21,8,70.38562405303475,3.8769506604659094,67.92148031337388,73.51
2021-08-14 08:00:00,27,20,5,22,11,70,22,9,70.38524117766237,3.878103782984229,67.92098543873085,75.02
2021-08-14 09:00:00,27,20,5,24,12,65,23,10,70.38587142085936,3.8794762525541637,67.92134374669402,73.86
2021-08-14 10:00:00,27,20,5,24,15,57,24,13,70.38751478262574,3.8810680691757162,67.92255523726344,63.26
2021-08-14 11:00:00,27,20,5,25,18,49,25,16,70.39017126296154,3.882879232848885,67.92461991043908,58.08
2021-08-14 12:00:00,27,20,5,26,21,41,26,18,70.39384086186674,3.8849097435736706,67.92753776622095,51.23
2021-08-14 13:00:00,27,20,5,26,23,38,27,19,70.39765113845424,3.8870252701262746,67.93041312545002,7.14
2021-08-14 14:00:00,27,20,5,26,24,35,27,21,70.40072965183693,3.889091481282899,67.93235030896726,5.8
2021-08-14 15:00:00,27,20,5,26,26,31,27,22,70.40307640201486,3.8911083770435435,67.9333493167726,14.6
2021-08-14 16:00:00,27,20,5,26,24,35,26,19,70.40469138898798,3.893075957408208,67.93341014886612,50.35
2021-08-14 17:00:00,27,20,5,26,23,39,25,17,70.40557461275631,3.8949942223768907,67.93253280524776,58.98
2021-08-14 18:00:00,27,20,5,25,22,43,25,14,70.4057260733199,3.896863171949596,67.93071728591757,76.96
2021-08-14 19:00:00,27,20,5,24,19,47,23,12,70.40514577067866,3.89868280612632,67.92796359087552,86.94
2021-08-14 20:00:00,27,20,5,23,16,52,22,9,70.40383370483262,3.900453124907063,67.9242717201216,88.56
2021-08-14 21:00:00,27,20,5,22,14,57,21,7,70.40178987578182,3.9021741282918274,67.91964167365585,87.9
2021-08-14 22:00:00,27,20,5,21,13,61,20,7,70.3990142835262,3.903845816280611,67.91407345147825,85.12
2021-08-14 23:00:00,27,20,5,20,13,65,19,7,70.39550692806583,3.9054681888734146,67.90756705358878,78.09
2021-08-15 00:00:00,26,17,6,19,13,69,19,6,70.39126780940066,3.9070412460702397,67.90012247998747,73.7
2021-08-15 01:00:00,26,17,6,18,12,71,18,6,70.3862969275307,3.9085649878710824,67.8917397306743,69.88
2021-08-15 02:00:00,26,17,6,18,12,74,18,6,70.38059428245593,3.9100394142759463,67.88241880564928,64.92
2021-08-15 03:00:00,26,17,6,17,12,76,17,6,70.3741598741764,3.911464525284831,67.8721597049124,62.43
2021-08-15 04:00:00,26,17,6,17,11,75,17,6,70.36699370269207,3.9128403208977343,67.86096242846368,59.94
2021-08-15 05:00:00,26,17,6,18,10,75,18,6,70.35909576800296,3.914166801114658,67.8488269763031,59.98
2021-08-15 06:00:00,26,17,6,18,8,74,18,5,70.35046607010905,3.9154439659356015,67.83575334843066,59.01
2021-08-15 07:00:00,26,17,6,20,9,69,19,6,70.34110460901036,3.9166718153605653,67.82174154484638,58.41
2021-08-15 08:00:00,26,17,6,21,9,64,20,7,70.33101138470688,3.9178503493895485,67.80679156555024,57.54
2021-08-15 09:00:00,26,17,6,23,9,60,22,8,70.32018639719861,3.918979568022552,67.79090341054224,53.54
2021-08-15 10:00:00,26,17,6,24,10,55,23,9,70.30862964648554,3.920059471259575,67.77407707982239,53.67
2021-08-15 11:00:00,26,17,6,25,11,51,24,9,70.2963411325677,3.921090059100619,67.75631257339072,53.05
2021-08-15 12:00:00,26,17,6,26,12,47,25,10,70.28332085544506,3.9220713315456823,67.73760989124715,52.95
2021-08-15 13:00:00,26,17,6,26,12,46,25,11,70.26956881511765,3.9230032885947654,67.71796903339174,30.06
2021-08-15 14:00:00,26,17,6,26,12,45,25,11,70.25508501158544,3.923885930247869,67.69738999982448,12.5
2021-08-15 15:00:00,26,17,6,26,13,44,26,11,70.23986944484844,3.9247192565049924,67.67587279054538,20.41
2021-08-15 16:00:00,26,17,6,26,12,47,25,10,70.22392211490666,3.9255032673661354,67.65341740555442,51.67
2021-08-15 17:00:00,26,17,6,26,11,50,25,8,70.20724302176006,3.9262379628312982,67.63002384485159,67.05
2021-08-15 18:00:00,26,17,6,25,10,53,24,7,70.18983216540872,3.9269233429004817,67.60569210843693,82.16
2021-08-15 19:00:00,26,17,6,24,10,55,23,6,70.17168954585256,3.9275594075736846,67.5804221963104,91.83
2021-08-15 20:00:00,26,17,6,23,9,58,22,6,70.15281516309162,3.928146156850908,67.55421410847202,94.77
2021-08-15 21:00:00,26,17,6,22,9,60,22,5,70.13320901712589,3.9286835907321507,67.52706784492179,93.41
2021-08-15 22:00:00,26,17,6,21,14,61,21,7,70.11287110795539,3.929171709217414,67.49898340565971,86.77
2021-08-15 23:00:00,26,17,6,20,19,63,20,10,70.09180143558008,3.929610512306698,67.46996079068578,76.95
2021-08-16 00:00:00,23,16,6,19,24,64,19,12,70.07,3.93,67.44,67.94
2021-08-16 01:00:00,23,16,6,19,24,66,19,12,70.04746680121511,3.9303401722973232,67.40910103360235,64.73
2021-08-16 02:00:00,23,16,6,18,24,67,18,12,70.02420183922543,3.9306310291986657,67.37726389149286,62.08
2021-08-16 03:00:00,23,16,6,18,24,69,18,12,70.00020511403098,3.9308725707040284,67.34448857367151,60.13
2021-08-16 04:00:00,23,16,6,18,24,68,18,13,69.97547662563173,3.931064796813412,67.31077508013831,60.82
2021-08-16 05:00:00,23,16,6,18,24,68,18,13,69.95001637402768,3.9312077075268137,67.27612341089326,68.06
2021-08-16 06:00:00,23,16,6,18,23,68,18,14,69.92382435921888,3.931301302844237,67.24053356593637,90.04
2021-08-16 07:00:00,23,16,6,20,26,64,19,17,69.89690058120527,3.9313455827656796,67.2040055452676,100.44
2021-08-16 08:00:00,23,16,6,21,29,60,20,21,69.86924503998688,3.9313405472911422,67.16653934888699,96.7
2021-08-16 09:00:00,23,16,6,23,32,56,21,24,69.84085773556367,3.9312861964206256,67.12813497679453,80.02
2021-08-16 10:00:00,23,16,6,23,34,52,22,26,69.81173866793571,3.9311825301541274,67.0887924289902,69.95
2021-08-16 11:00:00,23,16,6,24,35,48,23,28,69.78188783710294,3.93102954849165,67.04851170547403,54.72
2021-08-16 12:00:00,23,16,6,25,36,44,23,30,69.7513052430654,3.9308272514331923,67.007292806246,59.19
2021-08-16 13:00:00,23,16,6,25,36,45,23,29,69.7204961873186,3.9305440203270523,66.96555595137568,50.9
2021-08-16 14:00:00,23,16,6,25,35,45,23,28,69.68996597135812,3.9301482365215246,66.92372136093259,45.37
2021-08-16 15:00:00,23,16,6,25,35,46,23,27,69.65971459518394,3.929639900016612,66.88178903491675,54.67
2021-08-16 16:00:00,23,16,6,23,35,50,22,26,69.62974205879607,3.9290190108123113,66.83975897332814,54.74
2021-08-16 17:00:00,23,16,6,22,36,53,21,25,69.60004836219449,3.9282855689086253,66.79763117616679,58.55
2021-08-16 18:00:00,23,16,6,21,36,57,20,24,69.57063350537922,3.9274395743055526,66.75540564343267,71.0
2021-08-16 19:00:00,23,16,6,19,34,63,19,23,69.54149748835026,3.9264810270030925,66.71308237512578,78.13
2021-08-16 20:00:00,23,16,6,18,32,69,17,21,69.5126403111076,3.9254099270012475,66.67066137124614,79.12
2021-08-16 21:00:00,23,16,6,16,30,75,16,20,69.48406197365124,3.9242262743000156,66.62814263179375,76.9
2021-08-16 22:00:00,23,16,6,15,27,76,15,18,69.45576247598119,3.9229300688993964,66.5855261567686,68.4
2021-08-16 23:00:00,23,16,6,14,25,78,14,17,69.42774181809745,3.9215213107993914,66.54281194617067,60.02
2021-08-17 00:00:00,19,13,4,14,22,79,14,15,69.4,3.92,66.5,59.64
2021-08-17 01:00:00,19,13,4,13,25,79,13,16,69.37253702168887,3.918366136501222,66.45709031825658,49.93
2021-08-17 02:00:00,19,13,4,13,28,79,13,18,69.34535288316404,3.916619720303058,66.41408290094037,39.94
2021-08-17 03:00:00,19,13,4,13,31,79,13,20,69.31844758442551,3.914760751405508,66.37097774805143,14.47
2021-08-17 04:00:00,19,13,4,13,33,78,13,22,69.29182112547329,3.91278922980857,66.32777485958972,33.88
2021-08-17 05:00:00,19,13,4,13,35,77,13,24,69.26547350630737,3.9107051555122463,66.28447423555525,50.06
2021-08-17 06:00:00,19,13,4,13,36,76,13,26,69.23940472692777,3.908508528516537,66.24107587594804,64.35
2021-08-17 07:00:00,19,13,4,14,36,70,14,27,69.21361478733445,3.9061993488214397,66.19757978076805,73.49
2021-08-17 08:00:00,19,13,4,15,35,65,15,28,69.18810368752744,3.9037776164269573,66.15398595001531,69.09
2021-08-17 09:00:00,19,13,4,16,35,60,16,28,69.16287142750676,3.901243331333088,66.11029438368982,54.37
2021-08-17 10:00:00,19,13,4,17,34,56,17,28,69.13791800727236,3.8985964935398325,66.06650508179156,47.2
2021-08-17 11:00:00,19,13,4,18,34,53,18,28,69.11324342682427,3.8958371030471906,66.02261804432055,31.33
2021-08-17 12:00:00,19,13,4,19,34,50,19,28,69.0888476861625,3.892965159855162,65.97863327127678,30.01
2021-08-17 13:00:00,19,13,4,19,34,50,19,27,69.06328739430401,3.8900520338873665,65.93397303613193,41.19
2021-08-17 14:00:00,19,13,4,19,34,51,19,26,69.03511916026581,3.887169095067427,65.88805961235772,39.99
2021-08-17 15:00:00,19,13,4,19,33,51,19,25,69.00434298404791,3.88431634339534,65.84089299995414,49.08
2021-08-17 16:00:00,19,13,4,19,33,53,19,24,68.97095886565029,3.8814937788711075,65.79247319892116,54.18
2021-08-17 17:00:00,19,13,4,18,33,55,18,22,68.93496680507299,3.878701401494729,65.74280020925883,69.09
2021-08-17 18:00:00,19,13,4,18,33,57,18,21,68.89636680231598,3.8759392112662066,65.69187403096711,85.36
2021-08-17 19:00:00,19,13,4,17,32,61,17,20,68.85515885737924,3.873207208185536,65.63969466404602,92.39
2021-08-17 20:00:00,19,13,4,16,31,65,16,18,68.8113429702628,3.87050539225272,65.58626210849556,92.71
2021-08-17 21:00:00,19,13,4,15,30,70,15,16,68.76491914096667,3.867833763467759,65.53157636431574,88.97
2021-08-17 22:00:00,19,13,4,14,32,71,14,18,68.71588736949082,3.865192321830652,65.47563743150654,81.03
2021-08-17 23:00:00,19,13,4,14,34,72,14,20,68.66424765583525,3.8625810673413987,65.41844531006795,68.22
2021-08-18 00:00:00,20,11,4,13,36,73,13,22,68.61,3.86,65.36,61.65
2021-08-18 01:00:00,20,11,4,13,36,76,13,22,68.55314440198502,3.857449119806455,65.30030150130267,60.62
2021-08-18 02:00:00,20,11,4,12,36,79,12,21,68.49368086179035,3.854928426760764,65.23934981397596,61.83
2021-08-18 03:00:00,20,11,4,11,35,82,11,21,68.43160937941596,3.8524379208629274,65.1771449380199,63.1
2021-08-18 04:00:00,20,11,4,12,34,80,12,21,68.36692995486187,3.8499776021129453,65.11368687343443,62.83
2021-08-18 05:00:00,20,11,4,12,33,79,12,22,68.29964258812808,3.847547470510817,65.04897562021961,65.72
2021-08-18 06:00:00,20,11,4,13,32,78,13,22,68.22974727921456,3.8451475260565435,64.98301117837542,80.04
2021-08-18 07:00:00,20,11,4,14,31,72,14,23,68.15724402812135,3.842777768750123,64.91579354790184,95.97
2021-08-18 08:00:00,20,11,4,15,30,67,15,23,68.08213283484844,3.840438198591557,64.8473227287989,98.1
2021-08-18 09:00:00,20,11,4,17,30,61,17,24,68.00441369939581,3.838128815580846,64.77759872106658,96.52
2021-08-18 10:00:00,20,11,4,17,30,60,17,24,67.92408662176348,3.8358496197179885,64.70662152470489,97.2
2021-08-18 11:00:00,20,11,4,18,30,59,18,25,67.84115160195145,3.8336006110029857,64.63439113971383,95.92
2021-08-18 12:00:00,20,11,4,18,31,58,18,25,67.75560863995969,3.8313817894358366,64.56090756609338,83.72
2021-08-18 13:00:00,20,11,4,19,31,58,19,25,67.66936278019072,3.8293521096820795,64.48692527627719,72.54
2021-08-18 14:00:00,20,11,4,19,32,58,19,25,67.58431906704703,3.8276705264072493,64.4131987426989,68.01
2021-08-18 15:00:00,20,11,4,20,32,58,20,26,67.50047750052862,3.826337039611347,64.33972796535849,66.75
2021-08-18 16:00:00,20,11,4,19,32,59,19,24,67.41783808063545,3.8253516492943733,64.26651294425598,66.77
2021-08-18 17:00:00,20,11,4,19,32,60,19,23,67.33640080736755,3.824714355456328,64.19355367939136,75.04
2021-08-18 18:00:00,20,11,4,19,31,62,19,21,67.25616568072496,3.824425158097212,64.12085017076464,88.38
2021-08-18 19:00:00,20,11,4,18,30,65,18,19,67.17713270070763,3.8244840572170222,64.0484024183758,96.0
2021-08-18 20:00:00,20,11,4,17,29,69,17,17,67.09930186731555,3.8248910528157616,63.97621042222486,95.74
2021-08-18 21:00:00,20,11,4,16,27,73,16,15,67.02267318054876,3.8256461448934287,63.90427418231181,87.71
2021-08-18 22:00:00,20,11,4,15,28,78,15,15,66.94724664040723,3.8267493334500244,63.83259369863665,80.0
2021-08-18 23:00:00,20,11,4,15,28,83,15,15,66.87302224689097,3.8282006184855484,63.761168971199375,66.99
2021-08-19 00:00:00,21,14,4,14,29,89,14,14,66.8,3.83,63.69,65.6
2021-08-19 01:00:00,21,14,4,14,29,89,14,15,66.72817989973429,3.83214747799338,63.61908678503851,64.69
2021-08-19 02:00:00,21,14,4,14,29,90,14,16,66.65756194609384,3.8346430524656885,63.54842932631492,62.69
2021-08-19 03:00:00,21,14,4,14,29,91,14,16,66.58814613907867,3.8374867234169248,63.47802762382922,61.01
2021-08-19 04:00:00,21,14,4,14,29,89,14,17,66.51993247868877,3.840678490847089,63.4078816775814,60.54
2021-08-19 05:00:00,21,14,4,14,29,86,14,18,66.45292096492413,3.8442183547561815,63.33799148757147,66.01
2021-08-19 06:00:00,21,14,4,15,28,84,15,19,66.3871115977848,3.8481063151442023,63.26835705379945,83.9
2021-08-19 07:00:00,21,14,4,16,29,77,16,21,66.3225043772707,3.8523423720111514,63.198978376265316,99.03
2021-08-19 08:00:00,21,14,4,17,29,71,17,23,66.25909930338189,3.856926525357028,63.129855454969075,102.02
2021-08-19 09:00:00,21,14,4,18,30,64,18,24,66.19689637611836,3.861858775181834,63.060988289910725,94.27
2021-08-19 10:00:00,21,14,4,19,30,61,19,25,66.13589559548006,3.8671391214855664,62.99237688109025,89.91
2021-08-19 11:00:00,21,14,4,19,31,58,19,25,66.07609696146707,3.8727675642682287,62.92402122850767,90.74
2021-08-19 12:00:00,21,14,4,20,31,55,20,26,66.01750047407936,3.8787441035298182,62.85592133216299,92.72
2021-08-19 13:00:00,21,14,4,20,29,54,20,24,65.96081370232939,3.8848075302423823,62.78940586176049,94.14
2021-08-19 14:00:00,21,14,4,20,28,54,20,22,65.90674421522976,3.890696635377968,62.72580348700446,89.9
2021-08-19 15:00:00,21,14,4,21,26,53,21,21,65.85529201278042,3.8964114189365757,62.6651142078949,89.93
2021-08-19 16:00:00,21,14,4,20,25,56,20,19,65.8064570949814,3.9019518809182037,62.607338024431805,91.93
2021-08-19 17:00:00,21,14,4,20,23,59,20,17,65.76023946183265,3.907318021322854,62.55247493661519,100.51
2021-08-19 18:00:00,21,14,4,19,22,62,19,15,65.71663911333424,3.9125098401505256,62.50052494444505,114.94
2021-08-19 19:00:00,21,14,4,19,20,64,19,13,65.67565604948611,3.9175273374012174,62.45148804792136,126.78
2021-08-19 20:00:00,21,14,4,18,19,66,18,12,65.63729027028828,3.922370513074931,62.40536424704415,128.12
2021-08-19 21:00:00,21,14,4,18,17,69,18,11,65.60154177574076,3.927039367171666,62.362153541813406,119.61
2021-08-19 22:00:00,21,14,4,18,16,70,18,10,65.56841056584354,3.931533899691422,62.321855932229134,110.07
2021-08-19 23:00:00,21,14,4,17,15,72,17,10,65.53789664059663,3.935854110634201,62.28447141829134,100.0
2021-08-20 00:00:00,22,17,4,17,14,74,17,9,65.51,3.94,62.25,95.0
2021-08-20 01:00:00,22,17,4,17,15,74,17,9,65.4847206440537,3.9439715677888203,62.21844167735514,86.22
2021-08-20 02:00:00,22,17,4,17,15,75,17,9,65.46205857275768,3.9477688140006615,62.18979645035675,83.73
2021-08-20 03:00:00,22,17,4,17,15,75,17,9,65.44201378611197,3.951391738635525,62.164064319004815,83.2
2021-08-20 04:00:00,22,17,4,17,14,75,17,9,65.42458628411657,3.9548403416934095,62.14124528329937,83.96
2021-08-20 05:00:00,22,17,4,17,14,76,17,9,65.40977606677147,3.9581146231743145,62.121339343240386,88.66
2021-08-20 06:00:00,22,17,4,17,13,76,17,8,65.39758313407667,3.961214583078242,62.10434649882788,103.08
2021-08-20 07:00:00,22,17,4,17,13,74,17,8,65.38800748603217,3.9641402214051906,62.09026675006183,118.92
2021-08-20 08:00:00,22,17,4,18,12,71,18,8,65.38104912263798,3.96689153815516,62.07910009694226,124.67
2021-08-20 09:00:00,22,17,4,18,12,69,18,8,65.37670804389408,3.9694685333281514,62.07084653946916,114.0
2021-08-20 10:00:00,22,17,4,20,12,63,19,9,65.37498424980049,3.9718712069241633,62.06550607764251,106.99
2021-08-20 11:00:00,22,17,4,21,12,58,21,10,65.37587774035721,3.9740995589431978,62.06307871146235,105.0
2021-08-20 12:00:00,22,17,4,23,13,52,22,11,65.37938851556422,3.976153589385252,62.06356444092866,99.11
2021-08-20 13:00:00,22,17,4,23,13,51,22,10,65.38551657542155,3.9780332982503297,62.06696326604145,90.0
2021-08-20 14:00:00,22,17,4,24,12,50,22,10,65.39426191992916,3.9797386855384267,62.073275186800686,85.18
2021-08-20 15:00:00,22,17,4,25,12,50,22,10,65.4056245490871,3.9812697512495463,62.0825002032064,84.81
2021-08-20 16:00:00,22,17,4,24,12,51,22,9,65.41960446289532,3.9826264953836867,62.09463831525859,90.01
2021-08-20 17:00:00,22,17,4,23,11,53,21,8,65.43620166135383,3.983808917940848,62.10968952295724,103.31
2021-08-20 18:00:00,22,17,4,22,10,55,21,6,65.45541614446267,3.984817018921031,62.127653826302364,113.27
2021-08-20 19:00:00,22,17,4,21,10,57,20,6,65.4772479122218,3.9856507983242353,62.14853122529395,125.21
2021-08-20 20:00:00,22,17,4,20,9,58,19,5,65.50169696463124,3.9863102561504613,62.17232171993203,126.14
2021-08-20 21:00:00,22,17,4,19,8,60,19,4,65.52876330169099,3.9867953923997086,62.19902531021656,124.93
2021-08-20 22:00:00,22,17,4,18,8,66,18,4,65.55844692340101,3.9871062070719763,62.22864199614755,110.69
2021-08-20 23:00:00,22,17,4,17,9,71,17,4,65.59074782976136,3.9872427001672657,62.261171777725025,106.0
2021-08-21 00:00:00,27,15,6,17,9,77,17,5,65.625666020772,3.9872048716855777,62.29661465494898,102.51
2021-08-21 01:00:00,27,15,6,16,10,78,16,5,65.66320149643295,3.986992721626909,62.33497062781939,95.2
2021-08-21 02:00:00,27,15,6,16,11,79,16,5,65.70335425674419,3.986606249991263,62.37623969633627,88.52
2021-08-21 03:00:00,27,15,6,15,12,81,15,6,65.74612430170575,3.9860454567786383,62.42042186049963,83.31
2021-08-21 04:00:00,27,15,6,16,11,78,16,6,65.7915116313176,3.9853103419890346,62.46751712030944,81.41
2021-08-21 05:00:00,27,15,6,16,10,76,16,6,65.83951624557977,3.9844009056224525,62.51752547576574,82.17
2021-08-21 06:00:00,27,15,6,17,9,73,17,6,65.89013814449223,3.983317147678892,62.570446926868506,90.2
2021-08-21 07:00:00,27,15,6,19,9,68,18,6,65.94337732805498,3.9820590681583514,62.62628147361772,93.11
2021-08-21 08:00:00,27,15,6,20,8,62,20,6,65.99923379626806,3.9806266670608332,62.68502911601344,96.43
2021-08-21 09:00:00,27,15,6,22,8,57,21,6,66.05770754913144,3.9790199443863363,62.74668985405562,92.4
2021-08-21 10:00:00,27,15,6,23,8,53,22,7,66.1187985866451,3.977238900134861,62.81126368774425,81.95
2021-08-21 11:00:00,27,15,6,24,9,48,23,7,66.18250690880907,3.9752835343064064,62.878750617079355,79.11
2021-08-21 12:00:00,27,15,6,25,9,44,25,8,66.24883251562335,3.9731538469009733,62.94915064206094,78.79
2021-08-21 13:00:00,27,15,6,26,9,42,25,8,66.31676486238263,3.970965280102174,63.02109518765661,77.06
2021-08-21 14:00:00,27,15,6,26,9,40,26,8,66.38529340438168,3.9688332760936236,63.09321567883405,76.59
2021-08-21 15:00:00,27,15,6,26,9,38,27,8,66.45441814162048,3.9667578348753194,63.165512115593216,78.06
2021-08-21 16:00:00,27,15,6,26,9,41,26,7,66.52413907409904,3.964738956447263,63.23798449793411,79.99
2021-08-21 17:00:00,27,15,6,26,9,43,25,6,66.59445620181732,3.9627766408094516,63.31063282585672,95.27
2021-08-21 18:00:00,27,15,6,26,9,45,25,6,66.66536952477539,3.9608708879618906,63.38345709936111,107.92
2021-08-21 19:00:00,27,15,6,24,14,49,23,8,66.73687904297317,3.9590216979045754,63.45645731844722,112.08
2021-08-21 20:00:00,27,15,6,23,18,53,22,9,66.80898475641071,3.957229070637507,63.52963348311505,112.17
2021-08-21 21:00:00,27,15,6,21,22,58,21,11,66.88168666508801,3.9554930061606868,63.60298559336464,108.0
2021-08-21 22:00:00,27,15,6,20,22,61,20,11,66.95498476900504,3.953813504474114,63.67651364919596,106.0
2021-08-21 23:00:00,27,15,6,19,22,65,19,11,67.02887906816183,3.952190565577787,63.75021765060901,96.86
2021-08-22 00:00:00,24,16,6,18,22,69,18,11,67.10336956255837,3.950624189471709,63.82409759760381,84.91
2021-08-22 01:00:00,24,16,6,18,22,70,18,11,67.17845625219466,3.9491143761558773,63.89815349018034,78.9
2021-08-22 02:00:00,24,16,6,18,21,70,18,10,67.2541391370707,3.947661125630293,63.9723853283386,74.99
2021-08-22 03:00:00,24,16,6,18,21,70,18,10,67.33041821718649,3.946264437894956,64.04679311207862,72.18
2021-08-22 04:00:00,24,16,6,18,20,70,18,10,67.40729349254202,3.944924312949867,64.12137684140036,70.05
2021-08-22 05:00:00,24,16,6,18,19,71,18,10,67.48476496313731,3.9436407507950237,64.19613651630384,67.32
2021-08-22 06:00:00,24,16,6,18,18,72,18,10,67.56283262897233,3.942413751430429,64.27107213678906,67.9
2021-08-22 07:00:00,24,16,6,20,18,71,19,11,67.64149649004712,3.9412433148560813,64.34618370285601,70.27
2021-08-22 08:00:00,24,16,6,21,17,70,20,11,67.72075654636166,3.9401294410719814,64.4214712145047,74.47
2021-08-22 09:00:00,24,16,6,23,16,69,21,11,67.80061279791593,3.9390721300781273,64.49693467173513,76.84
2021-08-22 10:00:00,24,16,6,24,17,65,22,12,67.88106524470996,3.938071381874521,64.57257407454728,76.16
2021-08-22 11:00:00,24,16,6,24,17,61,23,14,67.96211388674374,3.9371271964611627,64.6483894229412,77.31
2021-08-22 12:00:00,24,16,6,25,18,57,24,15,68.04375872401727,3.9362395738380505,64.72438071691683,76.44
2021-08-22 13:00:00,24,16,6,24,22,61,23,16,68.12599975653055,3.9354085140051867,64.8005479564742,71.2
2021-08-22 14:00:00,24,16,6,23,25,66,22,18,68.20883698428355,3.9346340169625695,64.87689114161331,68.8
2021-08-22 15:00:00,24,16,6,22,29,70,22,19,68.29227040727633,3.9339160827102004,64.95341027233418,66.88
2021-08-22 16:00:00,24,16,6,21,26,76,21,17,68.37630002550885,3.9332547112480776,65.03010534863675,68.93
2021-08-22 17:00:00,24,16,6,19,23,81,19,15,68.46092583898111,3.932649902576202,65.10697637052108,81.34
2021-08-22 18:00:00,24,16,6,18,20,87,18,13,68.54614784769315,3.9321016566945746,65.18402333798714,87.99
2021-08-22 19:00:00,24,16,6,18,18,89,18,11,68.63196605164491,3.9316099736031935,65.26124625103495,95.0
2021-08-22 20:00:00,24,16,6,17,16,91,17,10,68.71838045083643,3.9311748533020605,65.3386451096645,97.96
2021-08-22 21:00:00,24,16,6,16,15,94,16,9,68.8053910452677,3.9307962957911746,65.41621991387575,95.48
2021-08-22 22:00:00,24,16,6,16,17,93,16,10,68.89299783493871,3.930474301070536,65.49397066366876,90.1
2021-08-22 23:00:00,24,16,6,16,19,93,16,11,68.98120081984948,3.9302088691401447,65.57189735904352,81.95
2021-08-23 00:00:00,21,14,4,15,21,93,15,12,69.07,3.93,65.65,76.15
2021-08-23 01:00:00,21,14,4,15,21,93,15,11,69.15939537539026,3.9298476936501032,65.72827858653824,75.93
2021-08-23 02:00:00,21,14,4,15,21,93,15,11,69.24938694602025,3.929751950090453,65.80673311865819,75.7
2021-08-23 03:00:00,21,14,4,14,21,93,14,11,69.33997471189002,3.9297127693210507,65.88536359635988,73.52
2021-08-23 04:00:00,21,14,4,15,20,92,15,11,69.43115867299954,3.9297301513418956,65.96417001964332,75.8
2021-08-23 05:00:00,21,14,4,15,19,90,15,12,69.52293882934879,3.9298040961529876,66.04315238850847,78.33
2021-08-23 06:00:00,21,14,4,15,18,88,15,12,69.61531518093781,3.929934603754328,66.1223107029554,94.36
2021-08-23 07:00:00,21,14,4,16,17,83,16,11,69.70828772776656,3.930121674145914,66.20164496298403,111.29
2021-08-23 08:00:00,21,14,4,17,15,78,17,11,69.80185646983504,3.930365307327748,66.28115516859442,115.93
2021-08-23 09:00:00,21,14,4,18,13,74,18,10,69.89602140714331,3.9306655032998292,66.36084131978654,114.18
2021-08-23 10:00:00,21,14,4,19,13,70,19,10,69.99078253969131,3.9310222620621573,66.4407034165604,106.98
2021-08-23 11:00:00,21,14,4,20,12,67,20,10,70.08613986747906,3.931435583614733,66.52074145891599,103.47
2021-08-23 12:00:00,21,14,4,21,12,64,21,10,70.18209339050657,3.9319054679575562,66.60095544685333,99.44
2021-08-23 13:00:00,21,14,4,20,15,66,20,12,70.27746228311037,3.9324877763565245,66.68080894247325,94.0
2021-08-23 14:00:00,21,14,4,20,19,68,20,15,70.371065719627,3.933238370077535,66.75976550787662,85.69
2021-08-23 15:00:00,21,14,4,20,23,70,20,17,70.46290370005651,3.93415724912059,66.83782514306345,83.95
2021-08-23 16:00:00,21,14,4,18,24,74,18,18,70.55297622439883,3.9352444134856857,66.91498784803372,83.95
2021-08-23 17:00:00,21,14,4,17,26,78,17,19,70.64128329265402,3.936499863172825,66.99125362278743,94.96
2021-08-23 18:00:00,21,14,4,16,28,82,16,20,70.72782490482204,3.937923598182007,67.06662246732459,105.0
2021-08-23 19:00:00,21,14,4,16,28,85,16,20,70.81260106090292,3.939515618513232,67.14109438164519,114.18
2021-08-23 20:00:00,21,14,4,15,29,87,15,20,70.89561176089664,3.9412759241665003,67.21466936574927,110.99
2021-08-23 21:00:00,21,14,4,14,29,90,14,21,70.97685700480322,3.9432045151418116,67.28734741963677,102.08
2021-08-23 22:00:00,21,14,4,13,27,89,13,18,71.05633679262263,3.945301391439165,67.35912854330773,93.92
2021-08-23 23:00:00,21,14,4,12,25,89,11,16,71.1340511243549,3.947566553058561,67.43001273676214,83.1
2021-08-24 00:00:00,19,10,5,11,23,88,10,14,71.21,3.95,67.5,80.75
2021-08-24 01:00:00,19,10,5,10,23,90,10,13,71.28418341955796,3.9526017322634823,67.56909033302128,78.64
2021-08-24 02:00:00,19,10,5,10,23,92,10,13,71.35660138302876,3.9553717498490073,67.63728373582603,78.36
2021-08-24 03:00:00,19,10,5,10,23,94,10,13,71.4272538904124,3.958310052756575,67.70458020841423,78.83
2021-08-24 04:00:00,19,10,5,11,22,93,11,13,71.4961409417089,3.9614166409861857,67.77097975078588,80.18
2021-08-24 05:00:00,19,10,5,11,21,91,11,13,71.56326253691824,3.964691514537839,67.83648236294097,84.85
2021-08-24 06:00:00,19,10,5,11,19,90,11,13,71.62861867604043,3.968134673411536,67.90108804487953,100.08
2021-08-24 07:00:00,19,10,5,12,18,87,12,12,71.69220935907546,3.9717461176072737,67.96479679660149,110.1
2021-08-24 08:00:00,19,10,5,12,18,84,12,12,71.75403458602334,3.975525847125056,68.02760861810694,121.78
2021-08-24 09:00:00,19,10,5,13,17,82,13,12,71.81409435688407,3.9794738619648813,68.08952350939583,106.97
2021-08-24 10:00:00,19,10,5,14,17,79,14,12,71.87238867165763,3.983590162126749,68.15054147046817,101.0
2021-08-24 11:00:00,19,10,5,14,17,76,14,13,71.92891753034407,3.9878747476106593,68.21066250132395,96.0
2021-08-24 12:00:00,19,10,5,15,17,73,15,13,71.98368093294333,3.9923276184166125,68.26988660196318,88.0
2021-08-24 13:00:00,19,10,5,16,17,66,16,13,72.03401821147392,3.9967481611890023,68.32564005535293,81.72
2021-08-24 14:00:00,19,10,5,18,18,59,18,14,72.0772686979544,4.00093576257222,68.37534914446023,80.21
2021-08-24 15:00:00,19,10,5,19,19,52,19,14,72.11343239238468,4.004890422566268,68.41901386928514,81.31
2021-08-24 16:00:00,19,10,5,19,20,53,19,14,72.14250929476478,4.0086121411711435,68.45663422982759,87.77
2021-08-24 17:00:00,19,10,5,18,22,54,18,13,72.16449940509476,4.012100918386849,68.48821022608763,102.7
2021-08-24 18:00:00,19,10,5,18,23,55,18,13,72.17940272337458,4.015356754213384,68.51374185806525,109.38
2021-08-24 19:00:00,19,10,5,17,23,57,17,12,72.18721924960421,4.018379648650747,68.53322912576043,122.41
2021-08-24 20:00:00,19,10,5,16,23,60,16,12,72.1879489837837,4.021169601698939,68.5466720291732,119.24
2021-08-24 21:00:00,19,10,5,15,22,62,15,11,72.181591925913,4.023726613357961,68.55407056830354,106.27
2021-08-24 22:00:00,19,10,5,14,21,66,14,10,72.16814807599218,4.026050683627812,68.55542474315145,100.0
2021-08-24 23:00:00,19,10,5,14,19,69,14,9,72.14761743402117,4.028141812508491,68.55073455371694,89.59
2021-08-25 00:00:00,22,13,5,13,17,72,13,9,72.12,4.03,68.54,82.89
2021-08-25 01:00:00,22,13,5,13,15,73,13,8,72.08529577392869,4.031625246102338,68.52322108200063,81.48
2021-08-25 02:00:00,22,13,5,13,12,74,13,6,72.04350475580722,4.033017550815504,68.50039779971885,81.21
2021-08-25 03:00:00,22,13,5,13,10,75,13,5,71.99462694563556,4.0341769141395,68.47153015315465,81.18
2021-08-25 04:00:00,22,13,5,13,9,74,13,5,71.93866234341375,4.035103336074324,68.43661814230799,80.21
2021-08-25 05:00:00,22,13,5,14,8,73,14,5,71.87561094914179,4.035796816619978,68.39566176717894,86.04
2021-08-25 06:00:00,22,13,5,14,6,72,14,5,71.80547276281968,4.036257355776462,68.34866102776745,101.31
2021-08-25 07:00:00,22,13,5,15,8,67,15,6,71.72824778444738,4.036484953543773,68.29561592407352,107.28
2021-08-25 08:00:00,22,13,5,16,9,63,16,7,71.64393601402493,4.036479609921914,68.23652645609718,106.94
2021-08-25 09:00:00,22,13,5,17,10,58,17,9,71.55253745155233,4.036241324910884,68.17139262383843,95.12
2021-08-25 10:00:00,22,13,5,19,12,54,19,11,71.45405209702956,4.035770098510683,68.10021442729723,84.46
2021-08-25 11:00:00,22,13,5,21,14,50,20,12,71.34847995045662,4.035065930721311,68.02299186647362,81.73
2021-08-25 12:00:00,22,13,5,22,17,46,21,14,71.23582101183354,4.034128821542768,67.93972494136759,75.33
2021-08-25 13:00:00,22,13,5,23,19,45,21,16,71.12363678137943,4.033412145398353,67.85701739207587,70.26
2021-08-25 14:00:00,22,13,5,24,22,44,22,18,71.01948875931342,4.033369276711366,67.78147295869528,64.66
2021-08-25 15:00:00,22,13,5,24,24,43,22,19,70.92337694563555,4.0340002154818055,67.71309164122579,65.57
2021-08-25 16:00:00,22,13,5,23,27,48,21,19,70.8353013403458,4.035304961709674,67.65187343966737,72.16
2021-08-25 17:00:00,22,13,5,22,29,53,21,19,70.75526194344415,4.037283515394968,67.5978183540201,81.1
2021-08-25 18:00:00,22,13,5,20,31,58,20,19,70.68325875493065,4.039935876537691,67.55092638428393,90.79
2021-08-25 19:00:00,22,13,5,19,32,62,19,19,70.61929177480523,4.0432620451378405,67.51119753045883,94.24
2021-08-25 20:00:00,22,13,5,19,32,65,18,19,70.56336100306795,4.047262021195418,67.47863179254486,96.0
2021-08-25 21:00:00,22,13,5,18,32,69,18,19,70.5154664397188,4.051935804710422,67.45322917054199,91.91
2021-08-25 22:00:00,22,13,5,17,31,73,17,20,70.47560808475772,4.0572833956828545,67.43498966445023,81.73
2021-08-25 23:00:00,22,13,5,17,30,76,17,20,70.44378593818482,4.063304794112713,67.42391327426955,74.31
2021-08-26 00:00:00,18,13,4,16,30,79,16,20,70.42,4.07,67.42,74.1
2021-08-26 01:00:00,18,13,4,15,31,80,15,21,70.4042502702033,4.077369013344715,67.42324984164154,71.05
2021-08-26 02:00:00,18,13,4,15,32,81,15,22,70.39653674879473,4.085411834146856,67.43366279919418,70.98
2021-08-26 03:00:00,18,13,4,14,33,82,14,23,70.39685943577426,4.094128462406426,67.45123887265794,69.95
2021-08-26 04:00:00,18,13,4,14,31,83,14,21,70.40521833114192,4.103518898123422,67.4759780620328,71.95
2021-08-26 05:00:00,18,13,4,13,29,84,13,20,70.42161343489771,4.113583141297846,67.50788036731875,78.1
2021-08-26 06:00:00,18,13,4,13,27,86,13,18,70.44604474704161,4.124321191929697,67.5469457885158,96.07
2021-08-26 07:00:00,18,13,4,14,26,79,14,19,70.47851226757362,4.135733050018976,67.59317432562398,112.0
2021-08-26 08:00:00,18,13,4,15,25,72,15,20,70.51901599649375,4.147818715565682,67.64656597864324,124.65
2021-08-26 09:00:00,18,13,4,17,24,65,17,20,70.56755593380201,4.160578188569817,67.70712074757363,113.35
2021-08-26 10:00:00,18,13,4,17,27,62,17,23,70.6241320794984,4.1740114690313765,67.7748386324151,104.23
2021-08-26 11:00:00,18,13,4,18,31,58,18,25,70.68874443358287,4.188118556950365,67.84971963316767,102.35
2021-08-26 12:00:00,18,13,4,18,35,55,18,27,70.76139299605549,4.202899452326781,67.93176374983136,100.15
2021-08-26 13:00:00,18,13,4,18,33,55,18,26,70.84207776691622,4.21777896642088,68.01656114774738,91.62
2021-08-26 14:00:00,18,13,4,18,31,55,18,25,70.93079874616507,4.23218191049292,68.099701992257,85.56
2021-08-26 15:00:00,18,13,4,18,30,55,18,23,71.02755593380202,4.246108284542898,68.18118628336018,82.22
2021-08-26 16:00:00,18,13,4,17,27,56,17,21,71.1323493298271,4.259558088570817,68.26101402105694,79.85
2021-08-26 17:00:00,18,13,4,17,24,57,17,19,71.2451789342403,4.272531322576676,68.33918520534729,91.21
2021-08-26 18:00:00,18,13,4,17,22,59,17,16,71.36604474704163,4.2850279865604755,68.41569983623121,100.91
2021-08-26 19:00:00,18,13,4,16,23,61,16,16,71.49494676823106,4.297048080522212,68.49055791370873,107.63
2021-08-26 20:00:00,18,13,4,15,23,64,15,16,71.63188499780861,4.30859160446189,68.56375943777982,109.0
2021-08-26 21:00:00,18,13,4,14,24,67,14,17,71.77685943577428,4.3196585583795075,68.6353044084445,102.91
2021-08-26 22:00:00,18,13,4,13,25,73,13,16,71.92987008212806,4.330248942275066,68.70519282570274,95.92
2021-08-26 23:00:00,18,13,4,13,26,78,13,16,72.09091693686997,4.340362756148563,68.77342468955457,87.04
2021-08-27 00:00:00,13,6,4,12,28,84,12,16,72.26,4.35,68.84,87.12
2021-08-27 01:00:00,13,6,4,12,29,84,12,17,72.26,4.359160673829376,68.90491875703898,80.72
2021-08-27 02:00:00,13,6,4,12,30,83,12,18,72.26,4.367844777636693,68.96818096067156,79.74
2021-08-27 03:00:00,13,6,4,12,31,83,12,19,72.26,4.376052311421949,69.02978661089772,78.48
2021-08-27 04:00:00,13,6,4,11,30,85,11,20,72.26,4.383783275185145,69.08973570771747,78.09
2021-08-27 05:00:00,13,6,4,11,30,88,11,20,72.26,4.391037668926281,69.14802825113078,83.98
2021-08-27 06:00:00,13,6,4,11,30,91,11,20,72.26,4.397815492645357,69.20466424113768,101.63
2021-08-27 07:00:00,13,6,4,11,30,92,11,20,72.26,4.404116746342372,69.25964367773814,113.0
2021-08-27 08:00:00,13,6,4,11,30,92,11,21,72.26,4.409941430017328,69.31296656093222,117.19
2021-08-27 09:00:00,13,6,4,11,30,93,11,21,72.26,4.415289543670223,69.36463289071985,108.97
2021-08-27 10:00:00,13,6,4,12,27,92,12,19,72.26,4.420161087301057,69.41464266710108,104.82
2021-08-27 11:00:00,13,6,4,12,24,92,12,17,72.26,4.424556060909832,69.46299589007587,102.54
2021-08-27 12:00:00,13,6,4,13,21,91,13,15,72.26,4.428474464496547,69.50969255964426,99.59
2021-08-27 13:00:00,13,6,4,13,16,91,13,12,72.26,4.431916298061201,69.55473267580624,91.9
2021-08-27 14:00:00,13,6,4,13,12,91,13,9,72.26,4.4348815616037935,69.59811623856176,84.31
2021-08-27 15:00:00,13,6,4,13,8,91,13,6,72.26,4.437370255124328,69.6398432479109,82.32
2021-08-27 16:00:00,13,6,4,13,8,91,12,6,72.26,4.439382378622802,69.6799137038536,84.8
2021-08-27 17:00:00,13,6,4,13,8,90,11,6,72.26,4.4409179320992145,69.71832760638989,96.6
2021-08-27 18:00:00,13,6,4,14,8,89,11,6,72.26,4.4419769155535676,69.75508495551975,104.8
2021-08-27 19:00:00,13,6,4,12,10,91,9,6,72.26,4.442559328985861,69.7901857512432,113.74
2021-08-27 20:00:00,13,6,4,10,12,93,7,7,72.26,4.442665172396093,69.82362999356025,113.07
2021-08-27 21:00:00,13,6,4,9,14,95,6,8,72.26,4.442294445784266,69.85541768247083,104.8
2021-08-27 22:00:00,13,6,4,9,13,95,7,7,72.26,4.441447149150378,69.88554881797504,99.9
2021-08-27 23:00:00,13,6,4,10,11,95,9,6,72.26,4.4401232824944294,69.9140234000728,89.67
2021-08-28 00:00:00,19,10,4,11,10,95,11,5,72.26,4.438322845816421,69.94084142876417,88.75
2021-08-28 01:00:00,19,10,4,10,11,95,10,6,72.26,4.436045839116352,69.9660029040491,81.31
2021-08-28 02:00:00,19,10,4,10,12,96,10,6,72.26,4.433292262394224,69.9895078259276,77.7
2021-08-28 03:00:00,19,10,4,10,13,97,10,6,72.26,4.430062115650035,70.0113561943997,76.12
2021-08-28 04:00:00,19,10,4,10,12,96,10,6,72.26,4.426355398883786,70.03154800946538,77.07
2021-08-28 05:00:00,19,10,4,10,11,96,10,6,72.26,4.422172112095476,70.05008327112462,76.62
2021-08-28 06:00:00,19,10,4,10,11,95,10,6,72.26,4.417512255285107,70.06696197937747,78.03
2021-08-28 07:00:00,19,10,4,12,10,91,12,6,72.26,4.412375828452676,70.08218413422387,85.0
2021-08-28 08:00:00,19,10,4,13,9,86,13,6,72.26,4.406762831598187,70.09574973566389,90.01
2021-08-28 09:00:00,19,10,4,14,8,81,14,6,72.26,4.400673264721636,70.10765878369746,91.55
2021-08-28 10:00:00,19,10,4,15,9,77,15,7,72.26,4.394107127823026,70.11791127832461,88.09
2021-08-28 11:00:00,19,10,4,16,9,72,16,8,72.26,4.387064420902355,70.12650721954536,86.2
2021-08-28 12:00:00,19,10,4,17,10,68,17,8,72.26,4.379545143959624,70.13344660735967,81.01
2021-08-28 13:00:00,19,10,4,17,11,64,17,9,72.26,4.3719031121651035,70.13872944176757,75.39
2021-08-28 14:00:00,19,10,4,18,11,60,18,9,72.26,4.364492140689065,70.14235572276907,71.0
2021-08-28 15:00:00,19,10,4,19,12,56,19,10,72.26,4.357312229531506,70.14432545036412,69.51
2021-08-28 16:00:00,19,10,4,18,11,60,18,9,72.26,4.350363378692428,70.14463862455277,75.99
2021-08-28 17:00:00,19,10,4,18,11,64,18,8,72.26,4.3436455881718326,70.143295245335,92.96
2021-08-28 18:00:00,19,10,4,18,10,68,18,6,72.26,4.337158857969719,70.1402953127108,98.1
2021-08-28 19:00:00,19,10,4,16,11,72,16,6,72.26,4.330903188086085,70.13563882668019,100.49
2021-08-28 20:00:00,19,10,4,15,11,76,15,6,72.26,4.324878578520931,70.12932578724315,101.32
2021-08-28 21:00:00,19,10,4,14,12,81,14,6,72.26,4.3190850292742615,70.1213561943997,96.09
2021-08-28 22:00:00,19,10,4,14,14,84,14,8,72.26,4.31352254034607,70.11173004814982,94.08
2021-08-28 23:00:00,19,10,4,14,16,87,14,9,72.26,4.3081911117363605,70.10044734849353,84.44
2021-08-29 00:00:00,15,12,3,13,18,90,13,10,72.26,4.303090743445133,70.08750809543082,78.06
2021-08-29 01:00:00,15,12,3,13,16,93,13,9,72.26,4.298221435472386,70.0729122889617,73.57
2021-08-29 02:00:00,15,12,3,13,14,95,13,8,72.26,4.29358318781812,70.05665992908614,70.54
2021-08-29 03:00:00,15,12,3,13,12,98,13,7,72.26,4.289176000482335,70.03875101580418,68.75
2021-08-29 04:00:00,15,12,3,13,13,98,13,8,72.26,4.284999873465032,70.01918554911579,67.3
2021-08-29 05:00:00,15,12,3,13,14,98,13,9,72.26,4.2810548067662095,69.99796352902098,69.2
2021-08-29 06:00:00,15,12,3,13,15,98,13,10,72.26,4.277340800385868,69.97508495551975,70.72
2021-08-29 07:00:00,15,12,3,13,14,97,13,9,72.26,4.273857854324008,69.95054982861211,73.42
2021-08-29 08:00:00,15,12,3,13,13,96,13,9,72.26,4.270605968580629,69.92435814829804,77.04
2021-08-29 09:00:00,15,12,3,13,12,95,13,8,72.26,4.267585143155731,69.89650991457756,80.72
2021-08-29 10:00:00,15,12,3,14,11,94,14,8,72.26,4.264795378049315,69.86700512745065,80.65
2021-08-29 11:00:00,15,12,3,14,10,93,14,7,72.26,4.262236673261379,69.83584378691734,83.61
2021-08-29 12:00:00,15,12,3,14,10,92,14,7,72.26,4.259909028791925,69.8030258929776,82.84
2021-08-29 13:00:00,15,12,3,14,9,89,14,7,72.26,4.257812444640952,69.76855144563143,78.24
2021-08-29 14:00:00,15,12,3,14,9,86,14,7,72.26,4.2559469208084595,69.73242044487885,75.13
2021-08-29 15:00:00,15,12,3,15,9,83,15,7,72.26,4.254312457294448,69.69463289071986,74.15
2021-08-29 16:00:00,15,12,3,15,9,85,15,7,72.26,4.252909054098919,69.65518878315444,75.11
2021-08-29 17:00:00,15,12,3,14,10,87,14,7,72.26,4.25173671122187,69.6140881221826,88.75
2021-08-29 18:00:00,15,12,3,14,10,89,14,7,72.26,4.250795428663302,69.57133090780434,95.98
2021-08-29 19:00:00,15,12,3,13,9,90,13,6,72.26,4.250085206423216,69.52691714001968,101.06
2021-08-29 20:00:00,15,12,3,13,9,92,13,5,72.26,4.24960604450161,69.48084681882858,101.66
2021-08-29 21:00:00,15,12,3,12,8,93,12,4,72.26,4.249357942898486,69.43311994423105,93.86
2021-08-29 22:00:00,15,12,3,12,10,93,12,5,72.26,4.249340901613842,69.38373651622713,91.65
2021-08-29 23:00:00,15,12,3,13,11,93,13,6,72.26,4.249554920647681,69.33269653481676,86.57
2021-08-30 00:00:00,19,12,4,13,13,93,13,8,72.26,4.25,69.28,79.7
2021-08-30 01:00:00,19,12,4,13,13,94,13,7,72.26,4.250676139670801,69.28,78.42
2021-08-30 02:00:00,19,12,4,13,12,94,13,7,72.26,4.2515833396600815,69.28,76.57
2021-08-30 03:00:00,19,12,4,12,12,94,12,7,72.26,4.252721599967844,69.28,72.8
2021-08-30 04:00:00,19,12,4,12,11,94,12,6,72.26,4.254090920594089,69.28,73.95
2021-08-30 05:00:00,19,12,4,12,9,94,12,5,72.26,4.255691301538812,69.28,79.64
2021-08-30 06:00:00,19,12,4,12,8,94,12,4,72.26,4.257522742802019,69.28,110.12
2021-08-30 07:00:00,19,12,4,13,8,88,13,5,72.26,4.259585244383707,69.28,126.0
2021-08-30 08:00:00,19,12,4,15,9,82,15,6,72.26,4.261878806283875,69.28,131.92
2021-08-30 09:00:00,19,12,4,16,9,76,16,7,72.26,4.264403428502524,69.28,132.92
2021-08-30 10:00:00,19,12,4,17,11,73,17,9,72.26,4.267159111039654,69.28,128.53
2021-08-30 11:00:00,19,12,4,18,13,69,18,11,72.26,4.270145853895267,69.28,126.1
2021-08-30 12:00:00,19,12,4,19,15,66,19,13,72.26,4.273363657069359,69.28,122.0
2021-08-30 13:00:00,19,12,4,19,16,66,19,14,72.26,4.276812520561933,69.28,112.6
2021-08-30 14:00:00,19,12,4,19,17,67,19,14,72.26,4.280492444372988,69.28,104.94
2021-08-30 15:00:00,19,12,4,19,18,68,19,15,72.26,4.284403428502524,69.28,101.0
2021-08-30 16:00:00,19,12,4,18,19,72,18,15,72.26,4.288545472950541,69.28,100.99
2021-08-30 17:00:00,19,12,4,18,20,76,18,14,72.26,4.29291857771704,69.28,109.58
2021-08-30 18:00:00,19,12,4,18,21,80,18,14,72.26,4.297522742802019,69.28,116.74
2021-08-30 19:00:00,19,12,4,17,21,84,17,14,72.26,4.30235796820548,69.28,128.48
2021-08-30 20:00:00,19,12,4,15,21,89,15,14,72.26,4.3074242539274215,69.28,130.04
2021-08-30 21:00:00,19,12,4,14,22,94,14,13,72.26,4.312721599967844,69.28,114.47
2021-08-30 22:00:00,19,12,4,14,22,95,14,14,72.26,4.318250006326749,69.28,106.66
2021-08-30 23:00:00,19,12,4,14,23,96,14,14,72.26,4.324009473004134,69.28,93.6
2021-08-31 00:00:00,21,12,4,14,23,97,14,14,72.26,4.33,69.28,94.87
2021-08-31 01:00:00,21,12,4,13,23,96,13,15,72.26,4.33,69.28,90.02
2021-08-31 02:00:00,21,12,4,13,23,96,13,15,72.26,4.33,69.28,87.54
2021-08-31 03:00:00,21,12,4,13,23,96,13,15,72.26,4.33,69.28,86.98
2021-08-31 04:00:00,21,12,4,12,22,95,12,15,72.26,4.33,69.28,88.5
2021-08-31 05:00:00,21,12,4,12,22,95,12,14,72.26,4.33,69.28,93.01
2021-08-31 06:00:00,21,12,4,12,21,95,12,13,72.26,4.33,69.28,115.0
2021-08-31 07:00:00,21,12,4,13,22,90,13,15,72.26,4.33,69.28,134.41
2021-08-31 08:00:00,21,12,4,14,23,86,14,17,72.26,4.33,69.28,137.02
2021-08-31 09:00:00,21,12,4,15,24,81,15,19,72.26,4.33,69.28,135.84
2021-08-31 10:00:00,21,12,4,17,26,73,17,21,72.26,4.33,69.28,125.13
2021-08-31 11:00:00,21,12,4,18,27,65,18,22,72.26,4.33,69.28,116.19
2021-08-31 12:00:00,21,12,4,20,28,57,20,24,72.26,4.33,69.28,113.61
2021-08-31 13:00:00,21,12,4,21,28,54,20,24,72.26,4.33,69.28,104.66
2021-08-31 14:00:00,21,12,4,23,28,52,21,24,72.26,4.33,69.28,97.2
2021-08-31 15:00:00,21,12,4,24,28,50,21,24,72.26,4.33,69.28,95.24
2021-08-31 16:00:00,21,12,4,22,26,54,20,20,72.26,4.33,69.28,95.51
2021-08-31 17:00:00,21,12,4,20,24,58,19,16,72.26,4.33,69.28,110.45
2021-08-31 18:00:00,21,12,4,18,22,62,18,13,72.26,4.33,69.28,123.81
2021-08-31 19:00:00,21,12,4,17,21,66,17,12,72.26,4.33,69.28,134.07
2021-08-31 20:00:00,21,12,4,16,21,71,16,10,72.26,4.33,69.28,134.9
2021-08-31 21:00:00,21,12,4,14,20,75,14,9,72.26,4.33,69.28,121.4
2021-08-31 22:00:00,21,12,4,14,20,78,14,10,72.26,4.33,69.28,106.12
2021-08-31 23:00:00,21,12,4,14,20,81,14,10,72.26,4.33,69.28,99.1
2021-09-01 00:00:00,22,11,5,13,20,83,13,10,72.26,4.33,69.28,94.78
2021-09-01 01:00:00,22,11,5,13,20,85,13,10,72.26,4.33,69.28,92.88
2021-09-01 02:00:00,22,11,5,12,20,86,12,10,72.26,4.33,69.28,91.04
2021-09-01 03:00:00,22,11,5,12,21,87,12,10,72.26,4.33,69.28,89.83
2021-09-01 04:00:00,22,11,5,12,20,89,12,10,72.26,4.33,69.28,92.65
2021-09-01 05:00:00,22,11,5,12,19,90,12,10,72.26,4.33,69.28,100.37
2021-09-01 06:00:00,22,11,5,11,18,92,11,9,72.26,4.33,69.28,118.7
2021-09-01 07:00:00,22,11,5,13,18,85,13,11,72.26,4.33,69.28,135.41
2021-09-01 08:00:00,22,11,5,15,17,77,15,12,72.26,4.33,69.28,140.71
2021-09-01 09:00:00,22,11,5,16,17,70,16,14,72.26,4.33,69.28,130.0
2021-09-01 10:00:00,22,11,5,18,17,65,18,14,72.26,4.33,69.28,116.99
2021-09-01 11:00:00,22,11,5,19,16,61,19,14,72.26,4.33,69.28,109.75
2021-09-01 12:00:00,22,11,5,21,16,56,21,14,72.26,4.33,69.28,103.88
2021-09-01 13:00:00,22,11,5,22,16,55,21,14,72.26,4.33,69.28,98.0
2021-09-01 14:00:00,22,11,5,23,16,54,21,14,72.26,4.33,69.28,94.98
2021-09-01 15:00:00,22,11,5,24,17,52,22,14,72.26,4.33,69.28,95.06
2021-09-01 16:00:00,22,11,5,23,17,54,21,13,72.26,4.33,69.28,97.61
2021-09-01 17:00:00,22,11,5,21,17,57,20,11,72.26,4.33,69.28,116.04
2021-09-01 18:00:00,22,11,5,19,17,59,19,9,72.26,4.33,69.28,131.0
2021-09-01 19:00:00,22,11,5,18,18,63,18,9,72.26,4.33,69.28,145.85
2021-09-01 20:00:00,22,11,5,17,19,66,17,10,72.26,4.33,69.28,144.88
2021-09-01 21:00:00,22,11,5,16,21,70,16,10,72.26,4.33,69.28,125.71
2021-09-01 22:00:00,22,11,5,15,18,73,15,9,72.26,4.33,69.28,114.39
2021-09-01 23:00:00,22,11,5,14,15,75,14,7,72.26,4.33,69.28,102.73
2021-09-02 00:00:00,23,12,5,14,13,78,14,6,72.26,4.33,69.28,98.33
2021-09-02 01:00:00,23,12,5,13,10,78,13,5,72.26,4.33,69.28,96.63
2021-09-02 02:00:00,23,12,5,13,7,79,13,3,72.26,4.33,69.28,95.11
2021-09-02 03:00:00,23,12,5,13,4,80,13,2,72.26,4.33,69.28,95.36
2021-09-02 04:00:00,23,12,5,12,6,81,12,3,72.26,4.33,69.28,96.16
2021-09-02 05:00:00,23,12,5,12,7,82,12,3,72.26,4.33,69.28,104.69
2021-09-02 06:00:00,23,12,5,12,9,84,12,4,72.26,4.33,69.28,128.94
2021-09-02 07:00:00,23,12,5,14,8,77,14,5,72.26,4.33,69.28,150.0
2021-09-02 08:00:00,23,12,5,15,7,71,15,5,72.26,4.33,69.28,146.38
2021-09-02 09:00:00,23,12,5,17,6,65,17,5,72.26,4.33,69.28,130.66
2021-09-02 10:00:00,23,12,5,19,7,60,18,6,72.26,4.33,69.28,118.92
2021-09-02 11:00:00,23,12,5,22,8,55,20,7,72.26,4.33,69.28,113.0
2021-09-02 12:00:00,23,12,5,24,9,49,21,8,72.26,4.33,69.28,107.84
2021-09-02 13:00:00,23,12,5,24,10,48,22,9,72.26,4.33,69.28,100.99
2021-09-02 14:00:00,23,12,5,24,10,46,22,9,72.26,4.33,69.28,97.97
2021-09-02 15:00:00,23,12,5,25,11,44,23,10,72.26,4.33,69.28,105.05
2021-09-02 16:00:00,23,12,5,23,12,49,22,9,72.26,4.33,69.28,112.44
2021-09-02 17:00:00,23,12,5,22,13,55,21,9,72.26,4.33,69.28,122.66
2021-09-02 18:00:00,23,12,5,21,14,60,21,9,72.26,4.33,69.28,138.0
2021-09-02 19:00:00,23,12,5,19,13,62,19,8,72.26,4.33,69.28,158.51
2021-09-02 20:00:00,23,12,5,18,13,65,18,7,72.26,4.33,69.28,154.94
2021-09-02 21:00:00,23,12,5,16,12,67,16,6,72.26,4.33,69.28,130.43
2021-09-02 22:00:00,23,12,5,16,14,69,16,6,72.26,4.33,69.28,118.69
2021-09-02 23:00:00,23,12,5,16,15,71,16,7,72.26,4.33,69.28,113.25
2021-09-03 00:00:00,25,14,6,16,17,73,16,8,72.26,4.33,69.28,101.0
2021-09-03 01:00:00,25,14,6,15,16,74,15,7,72.26,4.33,69.28,96.53
2021-09-03 02:00:00,25,14,6,15,15,76,15,7,72.26,4.33,69.28,95.54
2021-09-03 03:00:00,25,14,6,15,14,77,15,6,72.26,4.33,69.28,91.39
2021-09-03 04:00:00,25,14,6,14,15,78,14,7,72.26,4.33,69.28,90.81
2021-09-03 05:00:00,25,14,6,14,16,79,14,8,72.26,4.33,69.28,95.74
2021-09-03 06:00:00,25,14,6,14,17,80,14,8,72.26,4.33,69.28,122.46
2021-09-03 07:00:00,25,14,6,16,15,74,16,9,72.26,4.33,69.28,137.3
2021-09-03 08:00:00,25,14,6,18,14,68,18,9,72.26,4.33,69.28,134.7
2021-09-03 09:00:00,25,14,6,19,12,62,19,9,72.26,4.33,69.28,123.14
2021-09-03 10:00:00,25,14,6,21,12,57,21,9,72.26,4.33,69.28,109.05
2021-09-03 11:00:00,25,14,6,23,11,53,23,10,72.26,4.33,69.28,99.09
2021-09-03 12:00:00,25,14,6,25,11,49,24,10,72.26,4.33,69.28,90.11
2021-09-03 13:00:00,25,14,6,25,12,47,24,10,72.26,4.33,69.28,88.65
2021-09-03 14:00:00,25,14,6,26,12,46,25,10,72.26,4.33,69.28,88.56
2021-09-03 15:00:00,25,14,6,26,13,45,25,11,72.26,4.33,69.28,90.12
2021-09-03 16:00:00,25,14,6,25,14,50,24,11,72.26,4.33,69.28,92.32
2021-09-03 17:00:00,25,14,6,25,16,56,23,11,72.26,4.33,69.28,119.01
2021-09-03 18:00:00,25,14,6,25,18,62,22,11,72.26,4.33,69.28,131.57
2021-09-03 19:00:00,25,14,6,22,18,64,20,10,72.26,4.33,69.28,143.93
2021-09-03 20:00:00,25,14,6,20,17,66,19,9,72.26,4.33,69.28,143.38
2021-09-03 21:00:00,25,14,6,17,17,68,17,8,72.26,4.33,69.28,129.94
2021-09-03 22:00:00,25,14,6,16,18,72,16,9,72.26,4.33,69.28,120.96
2021-09-03 23:00:00,25,14,6,15,19,76,15,9,72.26,4.33,69.28,117.86
